Sexo;País de nacimiento;Relación con la actividad;Periodo;Total
Total;Total;Total;2022;40.391.547
Total;Total;Total;2021;40.191.793
Total;Total;Ocupado/a;2022;19.443.155
Total;Total;Ocupado/a;2021;18.679.652
Total;Total;Parado/a;2022;3.084.678
Total;Total;Parado/a;2021;3.830.668
Total;Total;Inactivo/a;2022;17.863.714
Total;Total;Inactivo/a;2021;17.681.473
Total;Albania;Total;2022;5.106
Total;Albania;Total;2021;4.272
Total;Albania;Ocupado/a;2022;1.585
Total;Albania;Ocupado/a;2021;1.362
Total;Albania;Parado/a;2022;241
Total;Albania;Parado/a;2021;314
Total;Albania;Inactivo/a;2022;3.280
Total;Albania;Inactivo/a;2021;2.596
Total;Alemania;Total;2022;164.654
Total;Alemania;Total;2021;159.253
Total;Alemania;Ocupado/a;2022;76.573
Total;Alemania;Ocupado/a;2021;74.100
Total;Alemania;Parado/a;2022;10.146
Total;Alemania;Parado/a;2021;12.587
Total;Alemania;Inactivo/a;2022;77.935
Total;Alemania;Inactivo/a;2021;72.566
Total;Angola;Total;2022;3.166
Total;Angola;Total;2021;3.160
Total;Angola;Ocupado/a;2022;1.420
Total;Angola;Ocupado/a;2021;1.334
Total;Angola;Parado/a;2022;365
Total;Angola;Parado/a;2021;498
Total;Angola;Inactivo/a;2022;1.381
Total;Angola;Inactivo/a;2021;1.328
Total;Argelia;Total;2022;66.989
Total;Argelia;Total;2021;66.062
Total;Argelia;Ocupado/a;2022;19.634
Total;Argelia;Ocupado/a;2021;18.065
Total;Argelia;Parado/a;2022;11.526
Total;Argelia;Parado/a;2021;13.196
Total;Argelia;Inactivo/a;2022;35.829
Total;Argelia;Inactivo/a;2021;34.801
Total;Argentina;Total;2022;309.944
Total;Argentina;Total;2021;288.682
Total;Argentina;Ocupado/a;2022;157.416
Total;Argentina;Ocupado/a;2021;135.863
Total;Argentina;Parado/a;2022;24.513
Total;Argentina;Parado/a;2021;33.885
Total;Argentina;Inactivo/a;2022;128.015
Total;Argentina;Inactivo/a;2021;118.934
Total;Armenia;Total;2022;12.388
Total;Armenia;Total;2021;12.184
Total;Armenia;Ocupado/a;2022;5.606
Total;Armenia;Ocupado/a;2021;5.157
Total;Armenia;Parado/a;2022;1.495
Total;Armenia;Parado/a;2021;1.928
Total;Armenia;Inactivo/a;2022;5.287
Total;Armenia;Inactivo/a;2021;5.099
Total;Australia;Total;2022;6.187
Total;Australia;Total;2021;6.206
Total;Australia;Ocupado/a;2022;2.903
Total;Australia;Ocupado/a;2021;2.861
Total;Australia;Parado/a;2022;337
Total;Australia;Parado/a;2021;422
Total;Australia;Inactivo/a;2022;2.947
Total;Australia;Inactivo/a;2021;2.923
Total;Austria;Total;2022;6.795
Total;Austria;Total;2021;6.546
Total;Austria;Ocupado/a;2022;2.565
Total;Austria;Ocupado/a;2021;2.416
Total;Austria;Parado/a;2022;234
Total;Austria;Parado/a;2021;323
Total;Austria;Inactivo/a;2022;3.996
Total;Austria;Inactivo/a;2021;3.807
Total;Bangladesh;Total;2022;16.493
Total;Bangladesh;Total;2021;17.213
Total;Bangladesh;Ocupado/a;2022;8.062
Total;Bangladesh;Ocupado/a;2021;7.436
Total;Bangladesh;Parado/a;2022;1.044
Total;Bangladesh;Parado/a;2021;1.404
Total;Bangladesh;Inactivo/a;2022;7.387
Total;Bangladesh;Inactivo/a;2021;8.373
Total;Belarús;Total;2022;6.188
Total;Belarús;Total;2021;5.605
Total;Belarús;Ocupado/a;2022;2.429
Total;Belarús;Ocupado/a;2021;2.071
Total;Belarús;Parado/a;2022;557
Total;Belarús;Parado/a;2021;707
Total;Belarús;Inactivo/a;2022;3.202
Total;Belarús;Inactivo/a;2021;2.827
Total;Bélgica;Total;2022;47.926
Total;Bélgica;Total;2021;45.204
Total;Bélgica;Ocupado/a;2022;17.904
Total;Bélgica;Ocupado/a;2021;17.029
Total;Bélgica;Parado/a;2022;2.770
Total;Bélgica;Parado/a;2021;3.383
Total;Bélgica;Inactivo/a;2022;27.252
Total;Bélgica;Inactivo/a;2021;24.792
Total;Bolivia;Total;2022;174.762
Total;Bolivia;Total;2021;171.840
Total;Bolivia;Ocupado/a;2022;102.856
Total;Bolivia;Ocupado/a;2021;94.782
Total;Bolivia;Parado/a;2022;15.190
Total;Bolivia;Parado/a;2021;21.456
Total;Bolivia;Inactivo/a;2022;56.716
Total;Bolivia;Inactivo/a;2021;55.602
Total;Brasil;Total;2022;143.129
Total;Brasil;Total;2021;142.971
Total;Brasil;Ocupado/a;2022;61.308
Total;Brasil;Ocupado/a;2021;54.517
Total;Brasil;Parado/a;2022;13.970
Total;Brasil;Parado/a;2021;19.343
Total;Brasil;Inactivo/a;2022;67.851
Total;Brasil;Inactivo/a;2021;69.111
Total;Bulgaria;Total;2022;104.863
Total;Bulgaria;Total;2021;108.200
Total;Bulgaria;Ocupado/a;2022;52.939
Total;Bulgaria;Ocupado/a;2021;51.389
Total;Bulgaria;Parado/a;2022;14.997
Total;Bulgaria;Parado/a;2021;19.282
Total;Bulgaria;Inactivo/a;2022;36.927
Total;Bulgaria;Inactivo/a;2021;37.529
Total;Cabo Verde;Total;2022;4.470
Total;Cabo Verde;Total;2021;4.420
Total;Cabo Verde;Ocupado/a;2022;2.412
Total;Cabo Verde;Ocupado/a;2021;2.174
Total;Cabo Verde;Parado/a;2022;332
Total;Cabo Verde;Parado/a;2021;515
Total;Cabo Verde;Inactivo/a;2022;1.726
Total;Cabo Verde;Inactivo/a;2021;1.731
Total;Camerún;Total;2022;6.566
Total;Camerún;Total;2021;6.430
Total;Camerún;Ocupado/a;2022;2.939
Total;Camerún;Ocupado/a;2021;2.560
Total;Camerún;Parado/a;2022;846
Total;Camerún;Parado/a;2021;1.086
Total;Camerún;Inactivo/a;2022;2.781
Total;Camerún;Inactivo/a;2021;2.784
Total;Canadá;Total;2022;7.050
Total;Canadá;Total;2021;6.793
Total;Canadá;Ocupado/a;2022;2.987
Total;Canadá;Ocupado/a;2021;2.831
Total;Canadá;Parado/a;2022;272
Total;Canadá;Parado/a;2021;356
Total;Canadá;Inactivo/a;2022;3.791
Total;Canadá;Inactivo/a;2021;3.606
Total;Chile;Total;2022;60.240
Total;Chile;Total;2021;58.491
Total;Chile;Ocupado/a;2022;26.313
Total;Chile;Ocupado/a;2021;23.905
Total;Chile;Parado/a;2022;5.127
Total;Chile;Parado/a;2021;7.027
Total;Chile;Inactivo/a;2022;28.800
Total;Chile;Inactivo/a;2021;27.559
Total;China;Total;2022;178.352
Total;China;Total;2021;176.508
Total;China;Ocupado/a;2022;106.759
Total;China;Ocupado/a;2021;98.888
Total;China;Parado/a;2022;3.467
Total;China;Parado/a;2021;6.091
Total;China;Inactivo/a;2022;68.126
Total;China;Inactivo/a;2021;71.529
Total;Colombia;Total;2022;527.412
Total;Colombia;Total;2021;499.062
Total;Colombia;Ocupado/a;2022;235.959
Total;Colombia;Ocupado/a;2021;206.353
Total;Colombia;Parado/a;2022;47.664
Total;Colombia;Parado/a;2021;66.614
Total;Colombia;Inactivo/a;2022;243.789
Total;Colombia;Inactivo/a;2021;226.095
Total;Corea;Total;2022;4.115
Total;Corea;Total;2021;4.345
Total;Corea;Ocupado/a;2022;1.460
Total;Corea;Ocupado/a;2021;1.406
Total;Corea;Parado/a;2022;111
Total;Corea;Parado/a;2021;155
Total;Corea;Inactivo/a;2022;2.544
Total;Corea;Inactivo/a;2021;2.784
Total;Costa de Marfil;Total;2022;5.194
Total;Costa de Marfil;Total;2021;5.031
Total;Costa de Marfil;Ocupado/a;2022;2.584
Total;Costa de Marfil;Ocupado/a;2021;2.217
Total;Costa de Marfil;Parado/a;2022;409
Total;Costa de Marfil;Parado/a;2021;569
Total;Costa de Marfil;Inactivo/a;2022;2.201
Total;Costa de Marfil;Inactivo/a;2021;2.245
Total;Costa Rica;Total;2022;5.099
Total;Costa Rica;Total;2021;4.930
Total;Costa Rica;Ocupado/a;2022;1.972
Total;Costa Rica;Ocupado/a;2021;1.732
Total;Costa Rica;Parado/a;2022;325
Total;Costa Rica;Parado/a;2021;455
Total;Costa Rica;Inactivo/a;2022;2.802
Total;Costa Rica;Inactivo/a;2021;2.743
Total;Croacia;Total;2022;2.311
Total;Croacia;Total;2021;2.255
Total;Croacia;Ocupado/a;2022;1.077
Total;Croacia;Ocupado/a;2021;975
Total;Croacia;Parado/a;2022;163
Total;Croacia;Parado/a;2021;238
Total;Croacia;Inactivo/a;2022;1.071
Total;Croacia;Inactivo/a;2021;1.042
Total;Cuba;Total;2022;168.874
Total;Cuba;Total;2021;159.156
Total;Cuba;Ocupado/a;2022;72.215
Total;Cuba;Ocupado/a;2021;61.911
Total;Cuba;Parado/a;2022;20.753
Total;Cuba;Parado/a;2021;25.780
Total;Cuba;Inactivo/a;2022;75.906
Total;Cuba;Inactivo/a;2021;71.465
Total;Dinamarca;Total;2022;8.397
Total;Dinamarca;Total;2021;8.319
Total;Dinamarca;Ocupado/a;2022;2.627
Total;Dinamarca;Ocupado/a;2021;2.489
Total;Dinamarca;Parado/a;2022;172
Total;Dinamarca;Parado/a;2021;263
Total;Dinamarca;Inactivo/a;2022;5.598
Total;Dinamarca;Inactivo/a;2021;5.567
Total;Ecuador;Total;2022;409.963
Total;Ecuador;Total;2021;407.399
Total;Ecuador;Ocupado/a;2022;262.690
Total;Ecuador;Ocupado/a;2021;243.388
Total;Ecuador;Parado/a;2022;37.959
Total;Ecuador;Parado/a;2021;53.036
Total;Ecuador;Inactivo/a;2022;109.314
Total;Ecuador;Inactivo/a;2021;110.975
Total;Egipto;Total;2022;5.623
Total;Egipto;Total;2021;5.292
Total;Egipto;Ocupado/a;2022;1.794
Total;Egipto;Ocupado/a;2021;1.606
Total;Egipto;Parado/a;2022;539
Total;Egipto;Parado/a;2021;633
Total;Egipto;Inactivo/a;2022;3.290
Total;Egipto;Inactivo/a;2021;3.053
Total;El Salvador;Total;2022;26.720
Total;El Salvador;Total;2021;24.782
Total;El Salvador;Ocupado/a;2022;11.133
Total;El Salvador;Ocupado/a;2021;9.695
Total;El Salvador;Parado/a;2022;1.164
Total;El Salvador;Parado/a;2021;2.152
Total;El Salvador;Inactivo/a;2022;14.423
Total;El Salvador;Inactivo/a;2021;12.935
Total;Estados Unidos de América;Total;2022;46.902
Total;Estados Unidos de América;Total;2021;43.753
Total;Estados Unidos de América;Ocupado/a;2022;14.752
Total;Estados Unidos de América;Ocupado/a;2021;13.690
Total;Estados Unidos de América;Parado/a;2022;1.244
Total;Estados Unidos de América;Parado/a;2021;1.579
Total;Estados Unidos de América;Inactivo/a;2022;30.906
Total;Estados Unidos de América;Inactivo/a;2021;28.484
Total;España;Total;2022;33.384.960
Total;España;Total;2021;33.381.102
Total;España;Ocupado/a;2022;16.148.200
Total;España;Ocupado/a;2021;15.686.180
Total;España;Parado/a;2022;2.440.808
Total;España;Parado/a;2021;2.977.186
Total;España;Inactivo/a;2022;14.795.952
Total;España;Inactivo/a;2021;14.717.736
Total;Estonia;Total;2022;2.146
Total;Estonia;Total;2021;2.101
Total;Estonia;Ocupado/a;2022;760
Total;Estonia;Ocupado/a;2021;692
Total;Estonia;Parado/a;2022;152
Total;Estonia;Parado/a;2021;235
Total;Estonia;Inactivo/a;2022;1.234
Total;Estonia;Inactivo/a;2021;1.174
Total;Etiopía;Total;2022;2.462
Total;Etiopía;Total;2021;2.125
Total;Etiopía;Ocupado/a;2022;615
Total;Etiopía;Ocupado/a;2021;463
Total;Etiopía;Parado/a;2022;137
Total;Etiopía;Parado/a;2021;185
Total;Etiopía;Inactivo/a;2022;1.710
Total;Etiopía;Inactivo/a;2021;1.477
Total;Filipinas;Total;2022;51.189
Total;Filipinas;Total;2021;50.166
Total;Filipinas;Ocupado/a;2022;30.823
Total;Filipinas;Ocupado/a;2021;28.293
Total;Filipinas;Parado/a;2022;1.741
Total;Filipinas;Parado/a;2021;3.094
Total;Filipinas;Inactivo/a;2022;18.625
Total;Filipinas;Inactivo/a;2021;18.779
Total;Finlandia;Total;2022;10.884
Total;Finlandia;Total;2021;10.649
Total;Finlandia;Ocupado/a;2022;2.590
Total;Finlandia;Ocupado/a;2021;2.405
Total;Finlandia;Parado/a;2022;218
Total;Finlandia;Parado/a;2021;326
Total;Finlandia;Inactivo/a;2022;8.076
Total;Finlandia;Inactivo/a;2021;7.918
Total;Francia;Total;2022;201.238
Total;Francia;Total;2021;198.979
Total;Francia;Ocupado/a;2022;104.483
Total;Francia;Ocupado/a;2021;100.900
Total;Francia;Parado/a;2022;15.835
Total;Francia;Parado/a;2021;19.049
Total;Francia;Inactivo/a;2022;80.920
Total;Francia;Inactivo/a;2021;79.030
Total;Gambia;Total;2022;24.275
Total;Gambia;Total;2021;22.795
Total;Gambia;Ocupado/a;2022;11.530
Total;Gambia;Ocupado/a;2021;9.961
Total;Gambia;Parado/a;2022;2.237
Total;Gambia;Parado/a;2021;3.052
Total;Gambia;Inactivo/a;2022;10.508
Total;Gambia;Inactivo/a;2021;9.782
Total;Georgia;Total;2022;17.192
Total;Georgia;Total;2021;16.875
Total;Georgia;Ocupado/a;2022;6.929
Total;Georgia;Ocupado/a;2021;6.261
Total;Georgia;Parado/a;2022;1.232
Total;Georgia;Parado/a;2021;1.852
Total;Georgia;Inactivo/a;2022;9.031
Total;Georgia;Inactivo/a;2021;8.762
Total;Ghana;Total;2022;19.286
Total;Ghana;Total;2021;18.877
Total;Ghana;Ocupado/a;2022;9.781
Total;Ghana;Ocupado/a;2021;8.922
Total;Ghana;Parado/a;2022;1.736
Total;Ghana;Parado/a;2021;2.192
Total;Ghana;Inactivo/a;2022;7.769
Total;Ghana;Inactivo/a;2021;7.763
Total;Grecia;Total;2022;4.636
Total;Grecia;Total;2021;4.496
Total;Grecia;Ocupado/a;2022;2.489
Total;Grecia;Ocupado/a;2021;2.228
Total;Grecia;Parado/a;2022;255
Total;Grecia;Parado/a;2021;346
Total;Grecia;Inactivo/a;2022;1.892
Total;Grecia;Inactivo/a;2021;1.922
Total;Guatemala;Total;2022;14.186
Total;Guatemala;Total;2021;13.654
Total;Guatemala;Ocupado/a;2022;5.660
Total;Guatemala;Ocupado/a;2021;4.900
Total;Guatemala;Parado/a;2022;768
Total;Guatemala;Parado/a;2021;1.047
Total;Guatemala;Inactivo/a;2022;7.758
Total;Guatemala;Inactivo/a;2021;7.707
Total;Guinea;Total;2022;13.689
Total;Guinea;Total;2021;13.732
Total;Guinea;Ocupado/a;2022;6.599
Total;Guinea;Ocupado/a;2021;5.949
Total;Guinea;Parado/a;2022;1.387
Total;Guinea;Parado/a;2021;2.085
Total;Guinea;Inactivo/a;2022;5.703
Total;Guinea;Inactivo/a;2021;5.698
Total;Guinea Ecuatorial;Total;2022;20.671
Total;Guinea Ecuatorial;Total;2021;20.304
Total;Guinea Ecuatorial;Ocupado/a;2022;7.344
Total;Guinea Ecuatorial;Ocupado/a;2021;6.329
Total;Guinea Ecuatorial;Parado/a;2022;2.209
Total;Guinea Ecuatorial;Parado/a;2021;2.938
Total;Guinea Ecuatorial;Inactivo/a;2022;11.118
Total;Guinea Ecuatorial;Inactivo/a;2021;11.037
Total;Guinea-Bissau;Total;2022;5.898
Total;Guinea-Bissau;Total;2021;5.672
Total;Guinea-Bissau;Ocupado/a;2022;2.931
Total;Guinea-Bissau;Ocupado/a;2021;2.712
Total;Guinea-Bissau;Parado/a;2022;610
Total;Guinea-Bissau;Parado/a;2021;786
Total;Guinea-Bissau;Inactivo/a;2022;2.357
Total;Guinea-Bissau;Inactivo/a;2021;2.174
Total;Honduras;Total;2022;135.394
Total;Honduras;Total;2021;127.193
Total;Honduras;Ocupado/a;2022;50.946
Total;Honduras;Ocupado/a;2021;40.841
Total;Honduras;Parado/a;2022;5.006
Total;Honduras;Parado/a;2021;7.081
Total;Honduras;Inactivo/a;2022;79.442
Total;Honduras;Inactivo/a;2021;79.271
Total;Hungría;Total;2022;9.230
Total;Hungría;Total;2021;9.005
Total;Hungría;Ocupado/a;2022;3.770
Total;Hungría;Ocupado/a;2021;3.356
Total;Hungría;Parado/a;2022;681
Total;Hungría;Parado/a;2021;1.054
Total;Hungría;Inactivo/a;2022;4.779
Total;Hungría;Inactivo/a;2021;4.595
Total;India;Total;2022;51.875
Total;India;Total;2021;52.056
Total;India;Ocupado/a;2022;24.801
Total;India;Ocupado/a;2021;22.148
Total;India;Parado/a;2022;2.341
Total;India;Parado/a;2021;3.515
Total;India;Inactivo/a;2022;24.733
Total;India;Inactivo/a;2021;26.393
Total;Indonesia;Total;2022;2.533
Total;Indonesia;Total;2021;2.314
Total;Indonesia;Ocupado/a;2022;1.001
Total;Indonesia;Ocupado/a;2021;891
Total;Indonesia;Parado/a;2022;77
Total;Indonesia;Parado/a;2021;116
Total;Indonesia;Inactivo/a;2022;1.455
Total;Indonesia;Inactivo/a;2021;1.307
Total;Irán;Total;2022;10.178
Total;Irán;Total;2021;9.498
Total;Irán;Ocupado/a;2022;3.019
Total;Irán;Ocupado/a;2021;2.702
Total;Irán;Parado/a;2022;457
Total;Irán;Parado/a;2021;600
Total;Irán;Inactivo/a;2022;6.702
Total;Irán;Inactivo/a;2021;6.196
Total;Iraq;Total;2022;2.836
Total;Iraq;Total;2021;2.644
Total;Iraq;Ocupado/a;2022;671
Total;Iraq;Ocupado/a;2021;634
Total;Iraq;Parado/a;2022;234
Total;Iraq;Parado/a;2021;299
Total;Iraq;Inactivo/a;2022;1.931
Total;Iraq;Inactivo/a;2021;1.711
Total;Irlanda;Total;2022;15.927
Total;Irlanda;Total;2021;14.039
Total;Irlanda;Ocupado/a;2022;5.575
Total;Irlanda;Ocupado/a;2021;4.980
Total;Irlanda;Parado/a;2022;388
Total;Irlanda;Parado/a;2021;583
Total;Irlanda;Inactivo/a;2022;9.964
Total;Irlanda;Inactivo/a;2021;8.476
Total;Israel;Total;2022;3.447
Total;Israel;Total;2021;3.321
Total;Israel;Ocupado/a;2022;1.405
Total;Israel;Ocupado/a;2021;1.273
Total;Israel;Parado/a;2022;154
Total;Israel;Parado/a;2021;213
Total;Israel;Inactivo/a;2022;1.888
Total;Israel;Inactivo/a;2021;1.835
Total;Italia;Total;2022;135.862
Total;Italia;Total;2021;133.742
Total;Italia;Ocupado/a;2022;69.441
Total;Italia;Ocupado/a;2021;62.832
Total;Italia;Parado/a;2022;8.839
Total;Italia;Parado/a;2021;14.381
Total;Italia;Inactivo/a;2022;57.582
Total;Italia;Inactivo/a;2021;56.529
Total;Japón;Total;2022;6.061
Total;Japón;Total;2021;6.119
Total;Japón;Ocupado/a;2022;2.411
Total;Japón;Ocupado/a;2021;2.310
Total;Japón;Parado/a;2022;250
Total;Japón;Parado/a;2021;327
Total;Japón;Inactivo/a;2022;3.400
Total;Japón;Inactivo/a;2021;3.482
Total;Jordania;Total;2022;2.528
Total;Jordania;Total;2021;2.481
Total;Jordania;Ocupado/a;2022;762
Total;Jordania;Ocupado/a;2021;697
Total;Jordania;Parado/a;2022;195
Total;Jordania;Parado/a;2021;256
Total;Jordania;Inactivo/a;2022;1.571
Total;Jordania;Inactivo/a;2021;1.528
Total;Kazajstán;Total;2022;3.299
Total;Kazajstán;Total;2021;2.770
Total;Kazajstán;Ocupado/a;2022;674
Total;Kazajstán;Ocupado/a;2021;564
Total;Kazajstán;Parado/a;2022;146
Total;Kazajstán;Parado/a;2021;196
Total;Kazajstán;Inactivo/a;2022;2.479
Total;Kazajstán;Inactivo/a;2021;2.010
Total;Letonia;Total;2022;4.323
Total;Letonia;Total;2021;4.069
Total;Letonia;Ocupado/a;2022;1.775
Total;Letonia;Ocupado/a;2021;1.629
Total;Letonia;Parado/a;2022;395
Total;Letonia;Parado/a;2021;503
Total;Letonia;Inactivo/a;2022;2.153
Total;Letonia;Inactivo/a;2021;1.937
Total;Líbano;Total;2022;4.968
Total;Líbano;Total;2021;4.517
Total;Líbano;Ocupado/a;2022;1.763
Total;Líbano;Ocupado/a;2021;1.545
Total;Líbano;Parado/a;2022;271
Total;Líbano;Parado/a;2021;325
Total;Líbano;Inactivo/a;2022;2.934
Total;Líbano;Inactivo/a;2021;2.647
Total;Lituania;Total;2022;13.391
Total;Lituania;Total;2021;13.490
Total;Lituania;Ocupado/a;2022;6.825
Total;Lituania;Ocupado/a;2021;6.502
Total;Lituania;Parado/a;2022;1.588
Total;Lituania;Parado/a;2021;2.086
Total;Lituania;Inactivo/a;2022;4.978
Total;Lituania;Inactivo/a;2021;4.902
Total;Mali;Total;2022;28.895
Total;Mali;Total;2021;25.656
Total;Mali;Ocupado/a;2022;18.113
Total;Mali;Ocupado/a;2021;15.700
Total;Mali;Parado/a;2022;2.152
Total;Mali;Parado/a;2021;2.283
Total;Mali;Inactivo/a;2022;8.630
Total;Mali;Inactivo/a;2021;7.673
Total;Marruecos;Total;2022;894.468
Total;Marruecos;Total;2021;871.922
Total;Marruecos;Ocupado/a;2022;344.917
Total;Marruecos;Ocupado/a;2021;309.279
Total;Marruecos;Parado/a;2022;133.150
Total;Marruecos;Parado/a;2021;166.908
Total;Marruecos;Inactivo/a;2022;416.401
Total;Marruecos;Inactivo/a;2021;395.735
Total;Mauritania;Total;2022;10.134
Total;Mauritania;Total;2021;9.437
Total;Mauritania;Ocupado/a;2022;3.740
Total;Mauritania;Ocupado/a;2021;3.202
Total;Mauritania;Parado/a;2022;1.553
Total;Mauritania;Parado/a;2021;2.098
Total;Mauritania;Inactivo/a;2022;4.841
Total;Mauritania;Inactivo/a;2021;4.137
Total;México;Total;2022;59.884
Total;México;Total;2021;56.716
Total;México;Ocupado/a;2022;25.810
Total;México;Ocupado/a;2021;22.905
Total;México;Parado/a;2022;3.946
Total;México;Parado/a;2021;5.181
Total;México;Inactivo/a;2022;30.128
Total;México;Inactivo/a;2021;28.630
Total;Moldavia;Total;2022;20.761
Total;Moldavia;Total;2021;20.364
Total;Moldavia;Ocupado/a;2022;11.406
Total;Moldavia;Ocupado/a;2021;10.643
Total;Moldavia;Parado/a;2022;1.809
Total;Moldavia;Parado/a;2021;2.410
Total;Moldavia;Inactivo/a;2022;7.546
Total;Moldavia;Inactivo/a;2021;7.311
Total;Nepal;Total;2022;5.341
Total;Nepal;Total;2021;5.287
Total;Nepal;Ocupado/a;2022;2.843
Total;Nepal;Ocupado/a;2021;2.398
Total;Nepal;Parado/a;2022;289
Total;Nepal;Parado/a;2021;451
Total;Nepal;Inactivo/a;2022;2.209
Total;Nepal;Inactivo/a;2021;2.438
Total;Nicaragua;Total;2022;63.874
Total;Nicaragua;Total;2021;63.178
Total;Nicaragua;Ocupado/a;2022;26.463
Total;Nicaragua;Ocupado/a;2021;22.217
Total;Nicaragua;Parado/a;2022;2.626
Total;Nicaragua;Parado/a;2021;3.750
Total;Nicaragua;Inactivo/a;2022;34.785
Total;Nicaragua;Inactivo/a;2021;37.211
Total;Nigeria;Total;2022;31.749
Total;Nigeria;Total;2021;31.941
Total;Nigeria;Ocupado/a;2022;11.620
Total;Nigeria;Ocupado/a;2021;10.034
Total;Nigeria;Parado/a;2022;5.548
Total;Nigeria;Parado/a;2021;7.477
Total;Nigeria;Inactivo/a;2022;14.581
Total;Nigeria;Inactivo/a;2021;14.430
Total;Noruega;Total;2022;9.957
Total;Noruega;Total;2021;9.409
Total;Noruega;Ocupado/a;2022;1.723
Total;Noruega;Ocupado/a;2021;1.574
Total;Noruega;Parado/a;2022;100
Total;Noruega;Parado/a;2021;179
Total;Noruega;Inactivo/a;2022;8.134
Total;Noruega;Inactivo/a;2021;7.656
Total;Países Bajos;Total;2022;48.507
Total;Países Bajos;Total;2021;45.138
Total;Países Bajos;Ocupado/a;2022;17.214
Total;Países Bajos;Ocupado/a;2021;15.958
Total;Países Bajos;Parado/a;2022;1.679
Total;Países Bajos;Parado/a;2021;2.326
Total;Países Bajos;Inactivo/a;2022;29.614
Total;Países Bajos;Inactivo/a;2021;26.854
Total;Pakistán;Total;2022;93.830
Total;Pakistán;Total;2021;91.530
Total;Pakistán;Ocupado/a;2022;40.902
Total;Pakistán;Ocupado/a;2021;37.489
Total;Pakistán;Parado/a;2022;5.754
Total;Pakistán;Parado/a;2021;7.601
Total;Pakistán;Inactivo/a;2022;47.174
Total;Pakistán;Inactivo/a;2021;46.440
Total;Panamá;Total;2022;5.637
Total;Panamá;Total;2021;5.315
Total;Panamá;Ocupado/a;2022;2.169
Total;Panamá;Ocupado/a;2021;1.928
Total;Panamá;Parado/a;2022;421
Total;Panamá;Parado/a;2021;525
Total;Panamá;Inactivo/a;2022;3.047
Total;Panamá;Inactivo/a;2021;2.862
Total;Paraguay;Total;2022;104.258
Total;Paraguay;Total;2021;101.395
Total;Paraguay;Ocupado/a;2022;50.893
Total;Paraguay;Ocupado/a;2021;46.527
Total;Paraguay;Parado/a;2022;6.850
Total;Paraguay;Parado/a;2021;9.476
Total;Paraguay;Inactivo/a;2022;46.515
Total;Paraguay;Inactivo/a;2021;45.392
Total;Perú;Total;2022;247.711
Total;Perú;Total;2021;234.480
Total;Perú;Ocupado/a;2022;127.470
Total;Perú;Ocupado/a;2021;115.231
Total;Perú;Parado/a;2022;18.405
Total;Perú;Parado/a;2021;24.664
Total;Perú;Inactivo/a;2022;101.836
Total;Perú;Inactivo/a;2021;94.585
Total;Polonia;Total;2022;47.994
Total;Polonia;Total;2021;47.944
Total;Polonia;Ocupado/a;2022;25.544
Total;Polonia;Ocupado/a;2021;24.401
Total;Polonia;Parado/a;2022;4.911
Total;Polonia;Parado/a;2021;6.521
Total;Polonia;Inactivo/a;2022;17.539
Total;Polonia;Inactivo/a;2021;17.022
Total;Portugal;Total;2022;91.351
Total;Portugal;Total;2021;91.640
Total;Portugal;Ocupado/a;2022;42.141
Total;Portugal;Ocupado/a;2021;40.018
Total;Portugal;Parado/a;2022;7.850
Total;Portugal;Parado/a;2021;10.462
Total;Portugal;Inactivo/a;2022;41.360
Total;Portugal;Inactivo/a;2021;41.160
Total;Reino Unido;Total;2022;279.867
Total;Reino Unido;Total;2021;273.127
Total;Reino Unido;Ocupado/a;2022;69.843
Total;Reino Unido;Ocupado/a;2021;66.830
Total;Reino Unido;Parado/a;2022;6.564
Total;Reino Unido;Parado/a;2021;9.258
Total;Reino Unido;Inactivo/a;2022;203.460
Total;Reino Unido;Inactivo/a;2021;197.039
Total;República Checa;Total;2022;6.972
Total;República Checa;Total;2021;6.935
Total;República Checa;Ocupado/a;2022;3.120
Total;República Checa;Ocupado/a;2021;2.893
Total;República Checa;Parado/a;2022;701
Total;República Checa;Parado/a;2021;1.013
Total;República Checa;Inactivo/a;2022;3.151
Total;República Checa;Inactivo/a;2021;3.029
Total;República Dominicana;Total;2022;178.400
Total;República Dominicana;Total;2021;175.613
Total;República Dominicana;Ocupado/a;2022;88.367
Total;República Dominicana;Ocupado/a;2021;78.079
Total;República Dominicana;Parado/a;2022;21.817
Total;República Dominicana;Parado/a;2021;31.643
Total;República Dominicana;Inactivo/a;2022;68.216
Total;República Dominicana;Inactivo/a;2021;65.891
Total;República Eslovaca;Total;2022;5.216
Total;República Eslovaca;Total;2021;5.210
Total;República Eslovaca;Ocupado/a;2022;2.629
Total;República Eslovaca;Ocupado/a;2021;2.429
Total;República Eslovaca;Parado/a;2022;577
Total;República Eslovaca;Parado/a;2021;776
Total;República Eslovaca;Inactivo/a;2022;2.010
Total;República Eslovaca;Inactivo/a;2021;2.005
Total;Rumanía;Total;2022;528.224
Total;Rumanía;Total;2021;543.647
Total;Rumanía;Ocupado/a;2022;291.899
Total;Rumanía;Ocupado/a;2021;284.501
Total;Rumanía;Parado/a;2022;69.669
Total;Rumanía;Parado/a;2021;88.031
Total;Rumanía;Inactivo/a;2022;166.656
Total;Rumanía;Inactivo/a;2021;171.115
Total;Rusia;Total;2022;90.270
Total;Rusia;Total;2021;85.917
Total;Rusia;Ocupado/a;2022;28.281
Total;Rusia;Ocupado/a;2021;25.121
Total;Rusia;Parado/a;2022;7.954
Total;Rusia;Parado/a;2021;10.390
Total;Rusia;Inactivo/a;2022;54.035
Total;Rusia;Inactivo/a;2021;50.406
Total;Senegal;Total;2022;81.069
Total;Senegal;Total;2021;76.093
Total;Senegal;Ocupado/a;2022;38.843
Total;Senegal;Ocupado/a;2021;33.913
Total;Senegal;Parado/a;2022;7.448
Total;Senegal;Parado/a;2021;9.634
Total;Senegal;Inactivo/a;2022;34.778
Total;Senegal;Inactivo/a;2021;32.546
Total;Serbia;Total;2022;5.680
Total;Serbia;Total;2021;5.583
Total;Serbia;Ocupado/a;2022;2.349
Total;Serbia;Ocupado/a;2021;2.187
Total;Serbia;Parado/a;2022;366
Total;Serbia;Parado/a;2021;496
Total;Serbia;Inactivo/a;2022;2.965
Total;Serbia;Inactivo/a;2021;2.900
Total;Siria;Total;2022;9.441
Total;Siria;Total;2021;9.218
Total;Siria;Ocupado/a;2022;2.952
Total;Siria;Ocupado/a;2021;2.576
Total;Siria;Parado/a;2022;1.448
Total;Siria;Parado/a;2021;1.782
Total;Siria;Inactivo/a;2022;5.041
Total;Siria;Inactivo/a;2021;4.860
Total;Sudáfrica;Total;2022;3.726
Total;Sudáfrica;Total;2021;3.521
Total;Sudáfrica;Ocupado/a;2022;1.552
Total;Sudáfrica;Ocupado/a;2021;1.394
Total;Sudáfrica;Parado/a;2022;150
Total;Sudáfrica;Parado/a;2021;231
Total;Sudáfrica;Inactivo/a;2022;2.024
Total;Sudáfrica;Inactivo/a;2021;1.896
Total;Suecia;Total;2022;18.443
Total;Suecia;Total;2021;17.137
Total;Suecia;Ocupado/a;2022;6.058
Total;Suecia;Ocupado/a;2021;5.572
Total;Suecia;Parado/a;2022;442
Total;Suecia;Parado/a;2021;661
Total;Suecia;Inactivo/a;2022;11.943
Total;Suecia;Inactivo/a;2021;10.904
Total;Suiza;Total;2022;56.142
Total;Suiza;Total;2021;55.310
Total;Suiza;Ocupado/a;2022;32.713
Total;Suiza;Ocupado/a;2021;31.569
Total;Suiza;Parado/a;2022;4.333
Total;Suiza;Parado/a;2021;5.275
Total;Suiza;Inactivo/a;2022;19.096
Total;Suiza;Inactivo/a;2021;18.466
Total;Tailandia;Total;2022;2.744
Total;Tailandia;Total;2021;2.596
Total;Tailandia;Ocupado/a;2022;1.099
Total;Tailandia;Ocupado/a;2021;974
Total;Tailandia;Parado/a;2022;126
Total;Tailandia;Parado/a;2021;193
Total;Tailandia;Inactivo/a;2022;1.519
Total;Tailandia;Inactivo/a;2021;1.429
Total;Túnez;Total;2022;3.982
Total;Túnez;Total;2021;3.672
Total;Túnez;Ocupado/a;2022;1.432
Total;Túnez;Ocupado/a;2021;1.181
Total;Túnez;Parado/a;2022;319
Total;Túnez;Parado/a;2021;414
Total;Túnez;Inactivo/a;2022;2.231
Total;Túnez;Inactivo/a;2021;2.077
Total;Turquía;Total;2022;6.065
Total;Turquía;Total;2021;5.760
Total;Turquía;Ocupado/a;2022;2.758
Total;Turquía;Ocupado/a;2021;2.436
Total;Turquía;Parado/a;2022;264
Total;Turquía;Parado/a;2021;349
Total;Turquía;Inactivo/a;2022;3.043
Total;Turquía;Inactivo/a;2021;2.975
Total;Ucrania;Total;2022;105.299
Total;Ucrania;Total;2021;103.622
Total;Ucrania;Ocupado/a;2022;51.217
Total;Ucrania;Ocupado/a;2021;47.854
Total;Ucrania;Parado/a;2022;9.998
Total;Ucrania;Parado/a;2021;12.931
Total;Ucrania;Inactivo/a;2022;44.084
Total;Ucrania;Inactivo/a;2021;42.837
Total;Uruguay;Total;2022;80.404
Total;Uruguay;Total;2021;79.708
Total;Uruguay;Ocupado/a;2022;40.770
Total;Uruguay;Ocupado/a;2021;37.573
Total;Uruguay;Parado/a;2022;7.455
Total;Uruguay;Parado/a;2021;10.240
Total;Uruguay;Inactivo/a;2022;32.179
Total;Uruguay;Inactivo/a;2021;31.895
Total;Venezuela;Total;2022;397.840
Total;Venezuela;Total;2021;370.356
Total;Venezuela;Ocupado/a;2022;223.019
Total;Venezuela;Ocupado/a;2021;189.202
Total;Venezuela;Parado/a;2022;34.935
Total;Venezuela;Parado/a;2021;47.473
Total;Venezuela;Inactivo/a;2022;139.886
Total;Venezuela;Inactivo/a;2021;133.681
Total;Vietnam;Total;2022;2.805
Total;Vietnam;Total;2021;2.736
Total;Vietnam;Ocupado/a;2022;1.263
Total;Vietnam;Ocupado/a;2021;1.046
Total;Vietnam;Parado/a;2022;76
Total;Vietnam;Parado/a;2021;102
Total;Vietnam;Inactivo/a;2022;1.466
Total;Vietnam;Inactivo/a;2021;1.588
Total;Otros países de Europa;Total;2022;14.580
Total;Otros países de Europa;Total;2021;14.092
Total;Otros países de Europa;Ocupado/a;2022;6.987
Total;Otros países de Europa;Ocupado/a;2021;6.427
Total;Otros países de Europa;Parado/a;2022;931
Total;Otros países de Europa;Parado/a;2021;1.287
Total;Otros países de Europa;Inactivo/a;2022;6.662
Total;Otros países de Europa;Inactivo/a;2021;6.378
Total;Otros países de África;Total;2022;20.782
Total;Otros países de África;Total;2021;20.252
Total;Otros países de África;Ocupado/a;2022;8.135
Total;Otros países de África;Ocupado/a;2021;7.315
Total;Otros países de África;Parado/a;2022;2.402
Total;Otros países de África;Parado/a;2021;3.151
Total;Otros países de África;Inactivo/a;2022;10.245
Total;Otros países de África;Inactivo/a;2021;9.786
Total;Otros países de América;Total;2022;4.241
Total;Otros países de América;Total;2021;3.993
Total;Otros países de América;Ocupado/a;2022;1.683
Total;Otros países de América;Ocupado/a;2021;1.478
Total;Otros países de América;Parado/a;2022;359
Total;Otros países de América;Parado/a;2021;526
Total;Otros países de América;Inactivo/a;2022;2.199
Total;Otros países de América;Inactivo/a;2021;1.989
Total;Otros países de Asia;Total;2022;12.831
Total;Otros países de Asia;Total;2021;11.447
Total;Otros países de Asia;Ocupado/a;2022;4.019
Total;Otros países de Asia;Ocupado/a;2021;3.580
Total;Otros países de Asia;Parado/a;2022;932
Total;Otros países de Asia;Parado/a;2021;1.224
Total;Otros países de Asia;Inactivo/a;2022;7.880
Total;Otros países de Asia;Inactivo/a;2021;6.643
Total;Otros países de Oceanía;Total;2022;1.731
Total;Otros países de Oceanía;Total;2021;1.747
Total;Otros países de Oceanía;Ocupado/a;2022;753
Total;Otros países de Oceanía;Ocupado/a;2021;717
Total;Otros países de Oceanía;Parado/a;2022;90
Total;Otros países de Oceanía;Parado/a;2021;91
Total;Otros países de Oceanía;Inactivo/a;2022;888
Total;Otros países de Oceanía;Inactivo/a;2021;939
Hombres;Total;Total;2022;19.636.201
Hombres;Total;Total;2021;19.538.739
Hombres;Total;Ocupado/a;2022;10.337.818
Hombres;Total;Ocupado/a;2021;9.975.519
Hombres;Total;Parado/a;2022;1.248.319
Hombres;Total;Parado/a;2021;1.607.458
Hombres;Total;Inactivo/a;2022;8.050.064
Hombres;Total;Inactivo/a;2021;7.955.762
Hombres;Albania;Total;2022;3.087
Hombres;Albania;Total;2021;2.502
Hombres;Albania;Ocupado/a;2022;918
Hombres;Albania;Ocupado/a;2021;780
Hombres;Albania;Parado/a;2022;115
Hombres;Albania;Parado/a;2021;137
Hombres;Albania;Inactivo/a;2022;2.054
Hombres;Albania;Inactivo/a;2021;1.585
Hombres;Alemania;Total;2022;79.131
Hombres;Alemania;Total;2021;76.595
Hombres;Alemania;Ocupado/a;2022;39.398
Hombres;Alemania;Ocupado/a;2021;38.365
Hombres;Alemania;Parado/a;2022;4.031
Hombres;Alemania;Parado/a;2021;5.143
Hombres;Alemania;Inactivo/a;2022;35.702
Hombres;Alemania;Inactivo/a;2021;33.087
Hombres;Angola;Total;2022;1.604
Hombres;Angola;Total;2021;1.612
Hombres;Angola;Ocupado/a;2022;784
Hombres;Angola;Ocupado/a;2021;753
Hombres;Angola;Parado/a;2022;179
Hombres;Angola;Parado/a;2021;248
Hombres;Angola;Inactivo/a;2022;641
Hombres;Angola;Inactivo/a;2021;611
Hombres;Argelia;Total;2022;43.633
Hombres;Argelia;Total;2021;42.626
Hombres;Argelia;Ocupado/a;2022;15.353
Hombres;Argelia;Ocupado/a;2021;14.273
Hombres;Argelia;Parado/a;2022;5.984
Hombres;Argelia;Parado/a;2021;7.024
Hombres;Argelia;Inactivo/a;2022;22.296
Hombres;Argelia;Inactivo/a;2021;21.329
Hombres;Argentina;Total;2022;155.840
Hombres;Argentina;Total;2021;145.633
Hombres;Argentina;Ocupado/a;2022;85.394
Hombres;Argentina;Ocupado/a;2021;74.613
Hombres;Argentina;Parado/a;2022;10.478
Hombres;Argentina;Parado/a;2021;15.009
Hombres;Argentina;Inactivo/a;2022;59.968
Hombres;Argentina;Inactivo/a;2021;56.011
Hombres;Armenia;Total;2022;5.911
Hombres;Armenia;Total;2021;5.808
Hombres;Armenia;Ocupado/a;2022;2.909
Hombres;Armenia;Ocupado/a;2021;2.662
Hombres;Armenia;Parado/a;2022;618
Hombres;Armenia;Parado/a;2021;809
Hombres;Armenia;Inactivo/a;2022;2.384
Hombres;Armenia;Inactivo/a;2021;2.337
Hombres;Australia;Total;2022;3.278
Hombres;Australia;Total;2021;3.248
Hombres;Australia;Ocupado/a;2022;1.601
Hombres;Australia;Ocupado/a;2021;1.576
Hombres;Australia;Parado/a;2022;147
Hombres;Australia;Parado/a;2021;198
Hombres;Australia;Inactivo/a;2022;1.530
Hombres;Australia;Inactivo/a;2021;1.474
Hombres;Austria;Total;2022;3.120
Hombres;Austria;Total;2021;2.972
Hombres;Austria;Ocupado/a;2022;1.235
Hombres;Austria;Ocupado/a;2021;1.177
Hombres;Austria;Parado/a;2022;91
Hombres;Austria;Parado/a;2021;115
Hombres;Austria;Inactivo/a;2022;1.794
Hombres;Austria;Inactivo/a;2021;1.680
Hombres;Bangladesh;Total;2022;11.957
Hombres;Bangladesh;Total;2021;12.826
Hombres;Bangladesh;Ocupado/a;2022;7.029
Hombres;Bangladesh;Ocupado/a;2021;6.541
Hombres;Bangladesh;Parado/a;2022;629
Hombres;Bangladesh;Parado/a;2021;928
Hombres;Bangladesh;Inactivo/a;2022;4.299
Hombres;Bangladesh;Inactivo/a;2021;5.357
Hombres;Belarús;Total;2022;1.972
Hombres;Belarús;Total;2021;1.688
Hombres;Belarús;Ocupado/a;2022;808
Hombres;Belarús;Ocupado/a;2021;668
Hombres;Belarús;Parado/a;2022;125
Hombres;Belarús;Parado/a;2021;147
Hombres;Belarús;Inactivo/a;2022;1.039
Hombres;Belarús;Inactivo/a;2021;873
Hombres;Bélgica;Total;2022;24.252
Hombres;Bélgica;Total;2021;22.881
Hombres;Bélgica;Ocupado/a;2022;9.695
Hombres;Bélgica;Ocupado/a;2021;9.238
Hombres;Bélgica;Parado/a;2022;1.157
Hombres;Bélgica;Parado/a;2021;1.506
Hombres;Bélgica;Inactivo/a;2022;13.400
Hombres;Bélgica;Inactivo/a;2021;12.137
Hombres;Bolivia;Total;2022;70.271
Hombres;Bolivia;Total;2021;68.686
Hombres;Bolivia;Ocupado/a;2022;41.832
Hombres;Bolivia;Ocupado/a;2021;38.382
Hombres;Bolivia;Parado/a;2022;5.107
Hombres;Bolivia;Parado/a;2021;7.191
Hombres;Bolivia;Inactivo/a;2022;23.332
Hombres;Bolivia;Inactivo/a;2021;23.113
Hombres;Brasil;Total;2022;52.382
Hombres;Brasil;Total;2021;52.329
Hombres;Brasil;Ocupado/a;2022;25.681
Hombres;Brasil;Ocupado/a;2021;22.862
Hombres;Brasil;Parado/a;2022;3.394
Hombres;Brasil;Parado/a;2021;5.000
Hombres;Brasil;Inactivo/a;2022;23.307
Hombres;Brasil;Inactivo/a;2021;24.467
Hombres;Bulgaria;Total;2022;51.293
Hombres;Bulgaria;Total;2021;52.975
Hombres;Bulgaria;Ocupado/a;2022;28.456
Hombres;Bulgaria;Ocupado/a;2021;27.863
Hombres;Bulgaria;Parado/a;2022;6.076
Hombres;Bulgaria;Parado/a;2021;7.890
Hombres;Bulgaria;Inactivo/a;2022;16.761
Hombres;Bulgaria;Inactivo/a;2021;17.222
Hombres;Cabo Verde;Total;2022;1.823
Hombres;Cabo Verde;Total;2021;1.786
Hombres;Cabo Verde;Ocupado/a;2022;907
Hombres;Cabo Verde;Ocupado/a;2021;783
Hombres;Cabo Verde;Parado/a;2022;104
Hombres;Cabo Verde;Parado/a;2021;168
Hombres;Cabo Verde;Inactivo/a;2022;812
Hombres;Cabo Verde;Inactivo/a;2021;835
Hombres;Camerún;Total;2022;4.182
Hombres;Camerún;Total;2021;4.115
Hombres;Camerún;Ocupado/a;2022;2.020
Hombres;Camerún;Ocupado/a;2021;1.790
Hombres;Camerún;Parado/a;2022;475
Hombres;Camerún;Parado/a;2021;633
Hombres;Camerún;Inactivo/a;2022;1.687
Hombres;Camerún;Inactivo/a;2021;1.692
Hombres;Canadá;Total;2022;3.311
Hombres;Canadá;Total;2021;3.140
Hombres;Canadá;Ocupado/a;2022;1.460
Hombres;Canadá;Ocupado/a;2021;1.396
Hombres;Canadá;Parado/a;2022;120
Hombres;Canadá;Parado/a;2021;160
Hombres;Canadá;Inactivo/a;2022;1.731
Hombres;Canadá;Inactivo/a;2021;1.584
Hombres;Chile;Total;2022;28.227
Hombres;Chile;Total;2021;27.377
Hombres;Chile;Ocupado/a;2022;13.769
Hombres;Chile;Ocupado/a;2021;12.547
Hombres;Chile;Parado/a;2022;2.016
Hombres;Chile;Parado/a;2021;2.949
Hombres;Chile;Inactivo/a;2022;12.442
Hombres;Chile;Inactivo/a;2021;11.881
Hombres;China;Total;2022;83.044
Hombres;China;Total;2021;82.684
Hombres;China;Ocupado/a;2022;55.824
Hombres;China;Ocupado/a;2021;52.128
Hombres;China;Parado/a;2022;1.385
Hombres;China;Parado/a;2021;2.709
Hombres;China;Inactivo/a;2022;25.835
Hombres;China;Inactivo/a;2021;27.847
Hombres;Colombia;Total;2022;218.526
Hombres;Colombia;Total;2021;206.828
Hombres;Colombia;Ocupado/a;2022;108.625
Hombres;Colombia;Ocupado/a;2021;95.330
Hombres;Colombia;Parado/a;2022;15.064
Hombres;Colombia;Parado/a;2021;23.113
Hombres;Colombia;Inactivo/a;2022;94.837
Hombres;Colombia;Inactivo/a;2021;88.385
Hombres;Corea;Total;2022;1.662
Hombres;Corea;Total;2021;1.802
Hombres;Corea;Ocupado/a;2022;739
Hombres;Corea;Ocupado/a;2021;705
Hombres;Corea;Parado/a;2022;35
Hombres;Corea;Parado/a;2021;49
Hombres;Corea;Inactivo/a;2022;888
Hombres;Corea;Inactivo/a;2021;1.048
Hombres;Costa de Marfil;Total;2022;3.819
Hombres;Costa de Marfil;Total;2021;3.702
Hombres;Costa de Marfil;Ocupado/a;2022;2.070
Hombres;Costa de Marfil;Ocupado/a;2021;1.823
Hombres;Costa de Marfil;Parado/a;2022;228
Hombres;Costa de Marfil;Parado/a;2021;318
Hombres;Costa de Marfil;Inactivo/a;2022;1.521
Hombres;Costa de Marfil;Inactivo/a;2021;1.561
Hombres;Costa Rica;Total;2022;2.225
Hombres;Costa Rica;Total;2021;2.154
Hombres;Costa Rica;Ocupado/a;2022;939
Hombres;Costa Rica;Ocupado/a;2021;858
Hombres;Costa Rica;Parado/a;2022;120
Hombres;Costa Rica;Parado/a;2021;169
Hombres;Costa Rica;Inactivo/a;2022;1.166
Hombres;Costa Rica;Inactivo/a;2021;1.127
Hombres;Croacia;Total;2022;1.078
Hombres;Croacia;Total;2021;1.057
Hombres;Croacia;Ocupado/a;2022;508
Hombres;Croacia;Ocupado/a;2021;452
Hombres;Croacia;Parado/a;2022;77
Hombres;Croacia;Parado/a;2021;103
Hombres;Croacia;Inactivo/a;2022;493
Hombres;Croacia;Inactivo/a;2021;502
Hombres;Cuba;Total;2022;76.250
Hombres;Cuba;Total;2021;71.773
Hombres;Cuba;Ocupado/a;2022;36.402
Hombres;Cuba;Ocupado/a;2021;31.201
Hombres;Cuba;Parado/a;2022;7.647
Hombres;Cuba;Parado/a;2021;9.946
Hombres;Cuba;Inactivo/a;2022;32.201
Hombres;Cuba;Inactivo/a;2021;30.626
Hombres;Dinamarca;Total;2022;4.385
Hombres;Dinamarca;Total;2021;4.314
Hombres;Dinamarca;Ocupado/a;2022;1.459
Hombres;Dinamarca;Ocupado/a;2021;1.388
Hombres;Dinamarca;Parado/a;2022;73
Hombres;Dinamarca;Parado/a;2021;113
Hombres;Dinamarca;Inactivo/a;2022;2.853
Hombres;Dinamarca;Inactivo/a;2021;2.813
Hombres;Ecuador;Total;2022;189.989
Hombres;Ecuador;Total;2021;188.773
Hombres;Ecuador;Ocupado/a;2022;128.984
Hombres;Ecuador;Ocupado/a;2021;119.945
Hombres;Ecuador;Parado/a;2022;14.189
Hombres;Ecuador;Parado/a;2021;20.327
Hombres;Ecuador;Inactivo/a;2022;46.816
Hombres;Ecuador;Inactivo/a;2021;48.501
Hombres;Egipto;Total;2022;3.878
Hombres;Egipto;Total;2021;3.694
Hombres;Egipto;Ocupado/a;2022;1.441
Hombres;Egipto;Ocupado/a;2021;1.304
Hombres;Egipto;Parado/a;2022;347
Hombres;Egipto;Parado/a;2021;421
Hombres;Egipto;Inactivo/a;2022;2.090
Hombres;Egipto;Inactivo/a;2021;1.969
Hombres;El Salvador;Total;2022;10.796
Hombres;El Salvador;Total;2021;9.957
Hombres;El Salvador;Ocupado/a;2022;4.629
Hombres;El Salvador;Ocupado/a;2021;4.024
Hombres;El Salvador;Parado/a;2022;418
Hombres;El Salvador;Parado/a;2021;917
Hombres;El Salvador;Inactivo/a;2022;5.749
Hombres;El Salvador;Inactivo/a;2021;5.016
Hombres;Estados Unidos de América;Total;2022;21.470
Hombres;Estados Unidos de América;Total;2021;20.137
Hombres;Estados Unidos de América;Ocupado/a;2022;6.888
Hombres;Estados Unidos de América;Ocupado/a;2021;6.417
Hombres;Estados Unidos de América;Parado/a;2022;555
Hombres;Estados Unidos de América;Parado/a;2021;707
Hombres;Estados Unidos de América;Inactivo/a;2022;14.027
Hombres;Estados Unidos de América;Inactivo/a;2021;13.013
Hombres;España;Total;2022;16.251.130
Hombres;España;Total;2021;16.248.771
Hombres;España;Ocupado/a;2022;8.586.959
Hombres;España;Ocupado/a;2021;8.373.502
Hombres;España;Parado/a;2022;996.105
Hombres;España;Parado/a;2021;1.262.820
Hombres;España;Inactivo/a;2022;6.668.066
Hombres;España;Inactivo/a;2021;6.612.449
Hombres;Estonia;Total;2022;787
Hombres;Estonia;Total;2021;774
Hombres;Estonia;Ocupado/a;2022;282
Hombres;Estonia;Ocupado/a;2021;255
Hombres;Estonia;Parado/a;2022;43
Hombres;Estonia;Parado/a;2021;63
Hombres;Estonia;Inactivo/a;2022;462
Hombres;Estonia;Inactivo/a;2021;456
Hombres;Etiopía;Total;2022;1.281
Hombres;Etiopía;Total;2021;1.080
Hombres;Etiopía;Ocupado/a;2022;316
Hombres;Etiopía;Ocupado/a;2021;241
Hombres;Etiopía;Parado/a;2022;65
Hombres;Etiopía;Parado/a;2021;78
Hombres;Etiopía;Inactivo/a;2022;900
Hombres;Etiopía;Inactivo/a;2021;761
Hombres;Filipinas;Total;2022;17.834
Hombres;Filipinas;Total;2021;17.616
Hombres;Filipinas;Ocupado/a;2022;11.655
Hombres;Filipinas;Ocupado/a;2021;10.525
Hombres;Filipinas;Parado/a;2022;678
Hombres;Filipinas;Parado/a;2021;1.349
Hombres;Filipinas;Inactivo/a;2022;5.501
Hombres;Filipinas;Inactivo/a;2021;5.742
Hombres;Finlandia;Total;2022;4.645
Hombres;Finlandia;Total;2021;4.528
Hombres;Finlandia;Ocupado/a;2022;953
Hombres;Finlandia;Ocupado/a;2021;900
Hombres;Finlandia;Parado/a;2022;68
Hombres;Finlandia;Parado/a;2021;95
Hombres;Finlandia;Inactivo/a;2022;3.624
Hombres;Finlandia;Inactivo/a;2021;3.533
Hombres;Francia;Total;2022;97.359
Hombres;Francia;Total;2021;96.021
Hombres;Francia;Ocupado/a;2022;55.033
Hombres;Francia;Ocupado/a;2021;53.260
Hombres;Francia;Parado/a;2022;6.360
Hombres;Francia;Parado/a;2021;7.791
Hombres;Francia;Inactivo/a;2022;35.966
Hombres;Francia;Inactivo/a;2021;34.970
Hombres;Gambia;Total;2022;20.137
Hombres;Gambia;Total;2021;18.797
Hombres;Gambia;Ocupado/a;2022;9.914
Hombres;Gambia;Ocupado/a;2021;8.696
Hombres;Gambia;Parado/a;2022;1.555
Hombres;Gambia;Parado/a;2021;2.034
Hombres;Gambia;Inactivo/a;2022;8.668
Hombres;Gambia;Inactivo/a;2021;8.067
Hombres;Georgia;Total;2022;7.791
Hombres;Georgia;Total;2021;7.595
Hombres;Georgia;Ocupado/a;2022;3.074
Hombres;Georgia;Ocupado/a;2021;2.791
Hombres;Georgia;Parado/a;2022;518
Hombres;Georgia;Parado/a;2021;776
Hombres;Georgia;Inactivo/a;2022;4.199
Hombres;Georgia;Inactivo/a;2021;4.028
Hombres;Ghana;Total;2022;14.553
Hombres;Ghana;Total;2021;14.411
Hombres;Ghana;Ocupado/a;2022;7.839
Hombres;Ghana;Ocupado/a;2021;7.359
Hombres;Ghana;Parado/a;2022;1.109
Hombres;Ghana;Parado/a;2021;1.365
Hombres;Ghana;Inactivo/a;2022;5.605
Hombres;Ghana;Inactivo/a;2021;5.687
Hombres;Grecia;Total;2022;2.482
Hombres;Grecia;Total;2021;2.447
Hombres;Grecia;Ocupado/a;2022;1.361
Hombres;Grecia;Ocupado/a;2021;1.247
Hombres;Grecia;Parado/a;2022;129
Hombres;Grecia;Parado/a;2021;183
Hombres;Grecia;Inactivo/a;2022;992
Hombres;Grecia;Inactivo/a;2021;1.017
Hombres;Guatemala;Total;2022;5.536
Hombres;Guatemala;Total;2021;5.333
Hombres;Guatemala;Ocupado/a;2022;2.285
Hombres;Guatemala;Ocupado/a;2021;1.995
Hombres;Guatemala;Parado/a;2022;260
Hombres;Guatemala;Parado/a;2021;371
Hombres;Guatemala;Inactivo/a;2022;2.991
Hombres;Guatemala;Inactivo/a;2021;2.967
Hombres;Guinea;Total;2022;9.552
Hombres;Guinea;Total;2021;9.646
Hombres;Guinea;Ocupado/a;2022;5.156
Hombres;Guinea;Ocupado/a;2021;4.741
Hombres;Guinea;Parado/a;2022;796
Hombres;Guinea;Parado/a;2021;1.239
Hombres;Guinea;Inactivo/a;2022;3.600
Hombres;Guinea;Inactivo/a;2021;3.666
Hombres;Guinea Ecuatorial;Total;2022;7.375
Hombres;Guinea Ecuatorial;Total;2021;7.258
Hombres;Guinea Ecuatorial;Ocupado/a;2022;2.839
Hombres;Guinea Ecuatorial;Ocupado/a;2021;2.512
Hombres;Guinea Ecuatorial;Parado/a;2022;602
Hombres;Guinea Ecuatorial;Parado/a;2021;779
Hombres;Guinea Ecuatorial;Inactivo/a;2022;3.934
Hombres;Guinea Ecuatorial;Inactivo/a;2021;3.967
Hombres;Guinea-Bissau;Total;2022;4.387
Hombres;Guinea-Bissau;Total;2021;4.205
Hombres;Guinea-Bissau;Ocupado/a;2022;2.313
Hombres;Guinea-Bissau;Ocupado/a;2021;2.194
Hombres;Guinea-Bissau;Parado/a;2022;428
Hombres;Guinea-Bissau;Parado/a;2021;532
Hombres;Guinea-Bissau;Inactivo/a;2022;1.646
Hombres;Guinea-Bissau;Inactivo/a;2021;1.479
Hombres;Honduras;Total;2022;37.371
Hombres;Honduras;Total;2021;34.289
Hombres;Honduras;Ocupado/a;2022;13.302
Hombres;Honduras;Ocupado/a;2021;10.451
Hombres;Honduras;Parado/a;2022;1.202
Hombres;Honduras;Parado/a;2021;2.003
Hombres;Honduras;Inactivo/a;2022;22.867
Hombres;Honduras;Inactivo/a;2021;21.835
Hombres;Hungría;Total;2022;3.748
Hombres;Hungría;Total;2021;3.609
Hombres;Hungría;Ocupado/a;2022;1.515
Hombres;Hungría;Ocupado/a;2021;1.361
Hombres;Hungría;Parado/a;2022;219
Hombres;Hungría;Parado/a;2021;342
Hombres;Hungría;Inactivo/a;2022;2.014
Hombres;Hungría;Inactivo/a;2021;1.906
Hombres;India;Total;2022;32.264
Hombres;India;Total;2021;33.319
Hombres;India;Ocupado/a;2022;18.447
Hombres;India;Ocupado/a;2021;16.820
Hombres;India;Parado/a;2022;1.167
Hombres;India;Parado/a;2021;1.814
Hombres;India;Inactivo/a;2022;12.650
Hombres;India;Inactivo/a;2021;14.685
Hombres;Indonesia;Total;2022;1.284
Hombres;Indonesia;Total;2021;1.151
Hombres;Indonesia;Ocupado/a;2022;664
Hombres;Indonesia;Ocupado/a;2021;608
Hombres;Indonesia;Parado/a;2022;23
Hombres;Indonesia;Parado/a;2021;32
Hombres;Indonesia;Inactivo/a;2022;597
Hombres;Indonesia;Inactivo/a;2021;511
Hombres;Irán;Total;2022;5.569
Hombres;Irán;Total;2021;5.230
Hombres;Irán;Ocupado/a;2022;1.911
Hombres;Irán;Ocupado/a;2021;1.726
Hombres;Irán;Parado/a;2022;239
Hombres;Irán;Parado/a;2021;333
Hombres;Irán;Inactivo/a;2022;3.419
Hombres;Irán;Inactivo/a;2021;3.171
Hombres;Iraq;Total;2022;1.852
Hombres;Iraq;Total;2021;1.729
Hombres;Iraq;Ocupado/a;2022;482
Hombres;Iraq;Ocupado/a;2021;463
Hombres;Iraq;Parado/a;2022;123
Hombres;Iraq;Parado/a;2021;162
Hombres;Iraq;Inactivo/a;2022;1.247
Hombres;Iraq;Inactivo/a;2021;1.104
Hombres;Irlanda;Total;2022;8.456
Hombres;Irlanda;Total;2021;7.439
Hombres;Irlanda;Ocupado/a;2022;3.211
Hombres;Irlanda;Ocupado/a;2021;2.882
Hombres;Irlanda;Parado/a;2022;191
Hombres;Irlanda;Parado/a;2021;284
Hombres;Irlanda;Inactivo/a;2022;5.054
Hombres;Irlanda;Inactivo/a;2021;4.273
Hombres;Israel;Total;2022;2.139
Hombres;Israel;Total;2021;2.071
Hombres;Israel;Ocupado/a;2022;945
Hombres;Israel;Ocupado/a;2021;857
Hombres;Israel;Parado/a;2022;95
Hombres;Israel;Parado/a;2021;136
Hombres;Israel;Inactivo/a;2022;1.099
Hombres;Israel;Inactivo/a;2021;1.078
Hombres;Italia;Total;2022;79.160
Hombres;Italia;Total;2021;78.273
Hombres;Italia;Ocupado/a;2022;42.502
Hombres;Italia;Ocupado/a;2021;38.863
Hombres;Italia;Parado/a;2022;4.705
Hombres;Italia;Parado/a;2021;7.810
Hombres;Italia;Inactivo/a;2022;31.953
Hombres;Italia;Inactivo/a;2021;31.600
Hombres;Japón;Total;2022;2.092
Hombres;Japón;Total;2021;2.110
Hombres;Japón;Ocupado/a;2022;879
Hombres;Japón;Ocupado/a;2021;851
Hombres;Japón;Parado/a;2022;47
Hombres;Japón;Parado/a;2021;65
Hombres;Japón;Inactivo/a;2022;1.166
Hombres;Japón;Inactivo/a;2021;1.194
Hombres;Jordania;Total;2022;1.736
Hombres;Jordania;Total;2021;1.747
Hombres;Jordania;Ocupado/a;2022;585
Hombres;Jordania;Ocupado/a;2021;540
Hombres;Jordania;Parado/a;2022;124
Hombres;Jordania;Parado/a;2021;158
Hombres;Jordania;Inactivo/a;2022;1.027
Hombres;Jordania;Inactivo/a;2021;1.049
Hombres;Kazajstán;Total;2022;1.232
Hombres;Kazajstán;Total;2021;994
Hombres;Kazajstán;Ocupado/a;2022;225
Hombres;Kazajstán;Ocupado/a;2021;192
Hombres;Kazajstán;Parado/a;2022;39
Hombres;Kazajstán;Parado/a;2021;59
Hombres;Kazajstán;Inactivo/a;2022;968
Hombres;Kazajstán;Inactivo/a;2021;743
Hombres;Letonia;Total;2022;1.611
Hombres;Letonia;Total;2021;1.518
Hombres;Letonia;Ocupado/a;2022;651
Hombres;Letonia;Ocupado/a;2021;611
Hombres;Letonia;Parado/a;2022;118
Hombres;Letonia;Parado/a;2021;133
Hombres;Letonia;Inactivo/a;2022;842
Hombres;Letonia;Inactivo/a;2021;774
Hombres;Líbano;Total;2022;3.131
Hombres;Líbano;Total;2021;2.901
Hombres;Líbano;Ocupado/a;2022;1.243
Hombres;Líbano;Ocupado/a;2021;1.112
Hombres;Líbano;Parado/a;2022;167
Hombres;Líbano;Parado/a;2021;199
Hombres;Líbano;Inactivo/a;2022;1.721
Hombres;Líbano;Inactivo/a;2021;1.590
Hombres;Lituania;Total;2022;5.322
Hombres;Lituania;Total;2021;5.403
Hombres;Lituania;Ocupado/a;2022;2.814
Hombres;Lituania;Ocupado/a;2021;2.750
Hombres;Lituania;Parado/a;2022;488
Hombres;Lituania;Parado/a;2021;635
Hombres;Lituania;Inactivo/a;2022;2.020
Hombres;Lituania;Inactivo/a;2021;2.018
Hombres;Mali;Total;2022;25.905
Hombres;Mali;Total;2021;22.799
Hombres;Mali;Ocupado/a;2022;16.777
Hombres;Mali;Ocupado/a;2021;14.604
Hombres;Mali;Parado/a;2022;1.668
Hombres;Mali;Parado/a;2021;1.663
Hombres;Mali;Inactivo/a;2022;7.460
Hombres;Mali;Inactivo/a;2021;6.532
Hombres;Marruecos;Total;2022;516.517
Hombres;Marruecos;Total;2021;501.362
Hombres;Marruecos;Ocupado/a;2022;250.514
Hombres;Marruecos;Ocupado/a;2021;226.488
Hombres;Marruecos;Parado/a;2022;54.448
Hombres;Marruecos;Parado/a;2021;70.951
Hombres;Marruecos;Inactivo/a;2022;211.555
Hombres;Marruecos;Inactivo/a;2021;203.923
Hombres;Mauritania;Total;2022;7.813
Hombres;Mauritania;Total;2021;7.310
Hombres;Mauritania;Ocupado/a;2022;3.400
Hombres;Mauritania;Ocupado/a;2021;2.919
Hombres;Mauritania;Parado/a;2022;1.000
Hombres;Mauritania;Parado/a;2021;1.420
Hombres;Mauritania;Inactivo/a;2022;3.413
Hombres;Mauritania;Inactivo/a;2021;2.971
Hombres;México;Total;2022;24.115
Hombres;México;Total;2021;22.855
Hombres;México;Ocupado/a;2022;11.452
Hombres;México;Ocupado/a;2021;10.156
Hombres;México;Parado/a;2022;1.287
Hombres;México;Parado/a;2021;1.751
Hombres;México;Inactivo/a;2022;11.376
Hombres;México;Inactivo/a;2021;10.948
Hombres;Moldavia;Total;2022;9.538
Hombres;Moldavia;Total;2021;9.356
Hombres;Moldavia;Ocupado/a;2022;5.909
Hombres;Moldavia;Ocupado/a;2021;5.534
Hombres;Moldavia;Parado/a;2022;618
Hombres;Moldavia;Parado/a;2021;821
Hombres;Moldavia;Inactivo/a;2022;3.011
Hombres;Moldavia;Inactivo/a;2021;3.001
Hombres;Nepal;Total;2022;2.908
Hombres;Nepal;Total;2021;2.963
Hombres;Nepal;Ocupado/a;2022;1.734
Hombres;Nepal;Ocupado/a;2021;1.528
Hombres;Nepal;Parado/a;2022;100
Hombres;Nepal;Parado/a;2021;206
Hombres;Nepal;Inactivo/a;2022;1.074
Hombres;Nepal;Inactivo/a;2021;1.229
Hombres;Nicaragua;Total;2022;17.544
Hombres;Nicaragua;Total;2021;17.221
Hombres;Nicaragua;Ocupado/a;2022;7.364
Hombres;Nicaragua;Ocupado/a;2021;5.781
Hombres;Nicaragua;Parado/a;2022;662
Hombres;Nicaragua;Parado/a;2021;1.139
Hombres;Nicaragua;Inactivo/a;2022;9.518
Hombres;Nicaragua;Inactivo/a;2021;10.301
Hombres;Nigeria;Total;2022;18.524
Hombres;Nigeria;Total;2021;18.558
Hombres;Nigeria;Ocupado/a;2022;7.689
Hombres;Nigeria;Ocupado/a;2021;6.882
Hombres;Nigeria;Parado/a;2022;2.421
Hombres;Nigeria;Parado/a;2021;3.361
Hombres;Nigeria;Inactivo/a;2022;8.414
Hombres;Nigeria;Inactivo/a;2021;8.315
Hombres;Noruega;Total;2022;4.902
Hombres;Noruega;Total;2021;4.575
Hombres;Noruega;Ocupado/a;2022;770
Hombres;Noruega;Ocupado/a;2021;710
Hombres;Noruega;Parado/a;2022;27
Hombres;Noruega;Parado/a;2021;66
Hombres;Noruega;Inactivo/a;2022;4.105
Hombres;Noruega;Inactivo/a;2021;3.799
Hombres;Países Bajos;Total;2022;25.389
Hombres;Países Bajos;Total;2021;23.548
Hombres;Países Bajos;Ocupado/a;2022;9.590
Hombres;Países Bajos;Ocupado/a;2021;8.974
Hombres;Países Bajos;Parado/a;2022;751
Hombres;Países Bajos;Parado/a;2021;1.046
Hombres;Países Bajos;Inactivo/a;2022;15.048
Hombres;Países Bajos;Inactivo/a;2021;13.528
Hombres;Pakistán;Total;2022;69.040
Hombres;Pakistán;Total;2021;68.814
Hombres;Pakistán;Ocupado/a;2022;37.608
Hombres;Pakistán;Ocupado/a;2021;34.602
Hombres;Pakistán;Parado/a;2022;3.627
Hombres;Pakistán;Parado/a;2021;4.918
Hombres;Pakistán;Inactivo/a;2022;27.805
Hombres;Pakistán;Inactivo/a;2021;29.294
Hombres;Panamá;Total;2022;2.273
Hombres;Panamá;Total;2021;2.145
Hombres;Panamá;Ocupado/a;2022;943
Hombres;Panamá;Ocupado/a;2021;842
Hombres;Panamá;Parado/a;2022;120
Hombres;Panamá;Parado/a;2021;159
Hombres;Panamá;Inactivo/a;2022;1.210
Hombres;Panamá;Inactivo/a;2021;1.144
Hombres;Paraguay;Total;2022;31.877
Hombres;Paraguay;Total;2021;30.528
Hombres;Paraguay;Ocupado/a;2022;14.648
Hombres;Paraguay;Ocupado/a;2021;13.248
Hombres;Paraguay;Parado/a;2022;1.508
Hombres;Paraguay;Parado/a;2021;2.038
Hombres;Paraguay;Inactivo/a;2022;15.721
Hombres;Paraguay;Inactivo/a;2021;15.242
Hombres;Perú;Total;2022;106.823
Hombres;Perú;Total;2021;101.168
Hombres;Perú;Ocupado/a;2022;59.421
Hombres;Perú;Ocupado/a;2021;53.871
Hombres;Perú;Parado/a;2022;6.793
Hombres;Perú;Parado/a;2021;9.534
Hombres;Perú;Inactivo/a;2022;40.609
Hombres;Perú;Inactivo/a;2021;37.763
Hombres;Polonia;Total;2022;18.790
Hombres;Polonia;Total;2021;18.808
Hombres;Polonia;Ocupado/a;2022;10.177
Hombres;Polonia;Ocupado/a;2021;9.843
Hombres;Polonia;Parado/a;2022;1.675
Hombres;Polonia;Parado/a;2021;2.272
Hombres;Polonia;Inactivo/a;2022;6.938
Hombres;Polonia;Inactivo/a;2021;6.693
Hombres;Portugal;Total;2022;49.885
Hombres;Portugal;Total;2021;50.235
Hombres;Portugal;Ocupado/a;2022;25.638
Hombres;Portugal;Ocupado/a;2021;24.622
Hombres;Portugal;Parado/a;2022;3.623
Hombres;Portugal;Parado/a;2021;4.874
Hombres;Portugal;Inactivo/a;2022;20.624
Hombres;Portugal;Inactivo/a;2021;20.739
Hombres;Reino Unido;Total;2022;142.097
Hombres;Reino Unido;Total;2021;138.015
Hombres;Reino Unido;Ocupado/a;2022;37.310
Hombres;Reino Unido;Ocupado/a;2021;35.551
Hombres;Reino Unido;Parado/a;2022;2.801
Hombres;Reino Unido;Parado/a;2021;4.081
Hombres;Reino Unido;Inactivo/a;2022;101.986
Hombres;Reino Unido;Inactivo/a;2021;98.383
Hombres;República Checa;Total;2022;2.453
Hombres;República Checa;Total;2021;2.381
Hombres;República Checa;Ocupado/a;2022;1.077
Hombres;República Checa;Ocupado/a;2021;1.018
Hombres;República Checa;Parado/a;2022;207
Hombres;República Checa;Parado/a;2021;288
Hombres;República Checa;Inactivo/a;2022;1.169
Hombres;República Checa;Inactivo/a;2021;1.075
Hombres;República Dominicana;Total;2022;71.264
Hombres;República Dominicana;Total;2021;69.751
Hombres;República Dominicana;Ocupado/a;2022;38.022
Hombres;República Dominicana;Ocupado/a;2021;33.265
Hombres;República Dominicana;Parado/a;2022;7.382
Hombres;República Dominicana;Parado/a;2021;10.989
Hombres;República Dominicana;Inactivo/a;2022;25.860
Hombres;República Dominicana;Inactivo/a;2021;25.497
Hombres;República Eslovaca;Total;2022;1.740
Hombres;República Eslovaca;Total;2021;1.741
Hombres;República Eslovaca;Ocupado/a;2022;876
Hombres;República Eslovaca;Ocupado/a;2021;816
Hombres;República Eslovaca;Parado/a;2022;148
Hombres;República Eslovaca;Parado/a;2021;201
Hombres;República Eslovaca;Inactivo/a;2022;716
Hombres;República Eslovaca;Inactivo/a;2021;724
Hombres;Rumanía;Total;2022;251.068
Hombres;Rumanía;Total;2021;259.233
Hombres;Rumanía;Ocupado/a;2022;152.612
Hombres;Rumanía;Ocupado/a;2021;150.719
Hombres;Rumanía;Parado/a;2022;27.057
Hombres;Rumanía;Parado/a;2021;34.388
Hombres;Rumanía;Inactivo/a;2022;71.399
Hombres;Rumanía;Inactivo/a;2021;74.126
Hombres;Rusia;Total;2022;30.485
Hombres;Rusia;Total;2021;28.368
Hombres;Rusia;Ocupado/a;2022;8.894
Hombres;Rusia;Ocupado/a;2021;7.627
Hombres;Rusia;Parado/a;2022;1.803
Hombres;Rusia;Parado/a;2021;2.413
Hombres;Rusia;Inactivo/a;2022;19.788
Hombres;Rusia;Inactivo/a;2021;18.328
Hombres;Senegal;Total;2022;66.037
Hombres;Senegal;Total;2021;61.729
Hombres;Senegal;Ocupado/a;2022;33.202
Hombres;Senegal;Ocupado/a;2021;29.351
Hombres;Senegal;Parado/a;2022;4.893
Hombres;Senegal;Parado/a;2021;6.188
Hombres;Senegal;Inactivo/a;2022;27.942
Hombres;Senegal;Inactivo/a;2021;26.190
Hombres;Serbia;Total;2022;2.781
Hombres;Serbia;Total;2021;2.735
Hombres;Serbia;Ocupado/a;2022;1.187
Hombres;Serbia;Ocupado/a;2021;1.118
Hombres;Serbia;Parado/a;2022;176
Hombres;Serbia;Parado/a;2021;219
Hombres;Serbia;Inactivo/a;2022;1.418
Hombres;Serbia;Inactivo/a;2021;1.398
Hombres;Siria;Total;2022;5.944
Hombres;Siria;Total;2021;5.852
Hombres;Siria;Ocupado/a;2022;2.339
Hombres;Siria;Ocupado/a;2021;2.061
Hombres;Siria;Parado/a;2022;696
Hombres;Siria;Parado/a;2021;911
Hombres;Siria;Inactivo/a;2022;2.909
Hombres;Siria;Inactivo/a;2021;2.880
Hombres;Sudáfrica;Total;2022;1.942
Hombres;Sudáfrica;Total;2021;1.800
Hombres;Sudáfrica;Ocupado/a;2022;891
Hombres;Sudáfrica;Ocupado/a;2021;790
Hombres;Sudáfrica;Parado/a;2022;73
Hombres;Sudáfrica;Parado/a;2021;121
Hombres;Sudáfrica;Inactivo/a;2022;978
Hombres;Sudáfrica;Inactivo/a;2021;889
Hombres;Suecia;Total;2022;8.531
Hombres;Suecia;Total;2021;7.860
Hombres;Suecia;Ocupado/a;2022;2.904
Hombres;Suecia;Ocupado/a;2021;2.672
Hombres;Suecia;Parado/a;2022;168
Hombres;Suecia;Parado/a;2021;241
Hombres;Suecia;Inactivo/a;2022;5.459
Hombres;Suecia;Inactivo/a;2021;4.947
Hombres;Suiza;Total;2022;27.633
Hombres;Suiza;Total;2021;27.295
Hombres;Suiza;Ocupado/a;2022;17.016
Hombres;Suiza;Ocupado/a;2021;16.463
Hombres;Suiza;Parado/a;2022;1.766
Hombres;Suiza;Parado/a;2021;2.203
Hombres;Suiza;Inactivo/a;2022;8.851
Hombres;Suiza;Inactivo/a;2021;8.629
Hombres;Tailandia;Total;2022;522
Hombres;Tailandia;Total;2021;530
Hombres;Tailandia;Ocupado/a;2022;261
Hombres;Tailandia;Ocupado/a;2021;253
Hombres;Tailandia;Parado/a;2022;16
Hombres;Tailandia;Parado/a;2021;31
Hombres;Tailandia;Inactivo/a;2022;245
Hombres;Tailandia;Inactivo/a;2021;246
Hombres;Túnez;Total;2022;2.614
Hombres;Túnez;Total;2021;2.406
Hombres;Túnez;Ocupado/a;2022;1.024
Hombres;Túnez;Ocupado/a;2021;841
Hombres;Túnez;Parado/a;2022;203
Hombres;Túnez;Parado/a;2021;266
Hombres;Túnez;Inactivo/a;2022;1.387
Hombres;Túnez;Inactivo/a;2021;1.299
Hombres;Turquía;Total;2022;3.459
Hombres;Turquía;Total;2021;3.329
Hombres;Turquía;Ocupado/a;2022;1.748
Hombres;Turquía;Ocupado/a;2021;1.584
Hombres;Turquía;Parado/a;2022;159
Hombres;Turquía;Parado/a;2021;196
Hombres;Turquía;Inactivo/a;2022;1.552
Hombres;Turquía;Inactivo/a;2021;1.549
Hombres;Ucrania;Total;2022;43.103
Hombres;Ucrania;Total;2021;42.552
Hombres;Ucrania;Ocupado/a;2022;22.584
Hombres;Ucrania;Ocupado/a;2021;20.982
Hombres;Ucrania;Parado/a;2022;3.532
Hombres;Ucrania;Parado/a;2021;4.707
Hombres;Ucrania;Inactivo/a;2022;16.987
Hombres;Ucrania;Inactivo/a;2021;16.863
Hombres;Uruguay;Total;2022;39.919
Hombres;Uruguay;Total;2021;39.653
Hombres;Uruguay;Ocupado/a;2022;22.115
Hombres;Uruguay;Ocupado/a;2021;20.569
Hombres;Uruguay;Parado/a;2022;3.155
Hombres;Uruguay;Parado/a;2021;4.503
Hombres;Uruguay;Inactivo/a;2022;14.649
Hombres;Uruguay;Inactivo/a;2021;14.581
Hombres;Venezuela;Total;2022;178.670
Hombres;Venezuela;Total;2021;166.812
Hombres;Venezuela;Ocupado/a;2022;110.192
Hombres;Venezuela;Ocupado/a;2021;95.475
Hombres;Venezuela;Parado/a;2022;12.780
Hombres;Venezuela;Parado/a;2021;18.360
Hombres;Venezuela;Inactivo/a;2022;55.698
Hombres;Venezuela;Inactivo/a;2021;52.977
Hombres;Vietnam;Total;2022;1.250
Hombres;Vietnam;Total;2021;1.209
Hombres;Vietnam;Ocupado/a;2022;600
Hombres;Vietnam;Ocupado/a;2021;496
Hombres;Vietnam;Parado/a;2022;22
Hombres;Vietnam;Parado/a;2021;30
Hombres;Vietnam;Inactivo/a;2022;628
Hombres;Vietnam;Inactivo/a;2021;683
Hombres;Otros países de Europa;Total;2022;7.073
Hombres;Otros países de Europa;Total;2021;6.796
Hombres;Otros países de Europa;Ocupado/a;2022;3.468
Hombres;Otros países de Europa;Ocupado/a;2021;3.233
Hombres;Otros países de Europa;Parado/a;2022;376
Hombres;Otros países de Europa;Parado/a;2021;515
Hombres;Otros países de Europa;Inactivo/a;2022;3.229
Hombres;Otros países de Europa;Inactivo/a;2021;3.048
Hombres;Otros países de África;Total;2022;12.028
Hombres;Otros países de África;Total;2021;11.726
Hombres;Otros países de África;Ocupado/a;2022;5.175
Hombres;Otros países de África;Ocupado/a;2021;4.680
Hombres;Otros países de África;Parado/a;2022;1.285
Hombres;Otros países de África;Parado/a;2021;1.729
Hombres;Otros países de África;Inactivo/a;2022;5.568
Hombres;Otros países de África;Inactivo/a;2021;5.317
Hombres;Otros países de América;Total;2022;1.859
Hombres;Otros países de América;Total;2021;1.731
Hombres;Otros países de América;Ocupado/a;2022;788
Hombres;Otros países de América;Ocupado/a;2021;694
Hombres;Otros países de América;Parado/a;2022;134
Hombres;Otros países de América;Parado/a;2021;193
Hombres;Otros países de América;Inactivo/a;2022;937
Hombres;Otros países de América;Inactivo/a;2021;844
Hombres;Otros países de Asia;Total;2022;6.699
Hombres;Otros países de Asia;Total;2021;6.080
Hombres;Otros países de Asia;Ocupado/a;2022;2.337
Hombres;Otros países de Asia;Ocupado/a;2021;2.072
Hombres;Otros países de Asia;Parado/a;2022;467
Hombres;Otros países de Asia;Parado/a;2021;640
Hombres;Otros países de Asia;Inactivo/a;2022;3.895
Hombres;Otros países de Asia;Inactivo/a;2021;3.368
Hombres;Otros países de Oceanía;Total;2022;975
Hombres;Otros países de Oceanía;Total;2021;971
Hombres;Otros países de Oceanía;Ocupado/a;2022;450
Hombres;Otros países de Oceanía;Ocupado/a;2021;436
Hombres;Otros países de Oceanía;Parado/a;2022;45
Hombres;Otros países de Oceanía;Parado/a;2021;39
Hombres;Otros países de Oceanía;Inactivo/a;2022;480
Hombres;Otros países de Oceanía;Inactivo/a;2021;496
Mujeres;Total;Total;2022;20.755.346
Mujeres;Total;Total;2021;20.653.054
Mujeres;Total;Ocupado/a;2022;9.105.337
Mujeres;Total;Ocupado/a;2021;8.704.133
Mujeres;Total;Parado/a;2022;1.836.359
Mujeres;Total;Parado/a;2021;2.223.210
Mujeres;Total;Inactivo/a;2022;9.813.650
Mujeres;Total;Inactivo/a;2021;9.725.711
Mujeres;Albania;Total;2022;2.019
Mujeres;Albania;Total;2021;1.770
Mujeres;Albania;Ocupado/a;2022;667
Mujeres;Albania;Ocupado/a;2021;582
Mujeres;Albania;Parado/a;2022;126
Mujeres;Albania;Parado/a;2021;177
Mujeres;Albania;Inactivo/a;2022;1.226
Mujeres;Albania;Inactivo/a;2021;1.011
Mujeres;Alemania;Total;2022;85.523
Mujeres;Alemania;Total;2021;82.658
Mujeres;Alemania;Ocupado/a;2022;37.175
Mujeres;Alemania;Ocupado/a;2021;35.735
Mujeres;Alemania;Parado/a;2022;6.115
Mujeres;Alemania;Parado/a;2021;7.444
Mujeres;Alemania;Inactivo/a;2022;42.233
Mujeres;Alemania;Inactivo/a;2021;39.479
Mujeres;Angola;Total;2022;1.562
Mujeres;Angola;Total;2021;1.548
Mujeres;Angola;Ocupado/a;2022;636
Mujeres;Angola;Ocupado/a;2021;581
Mujeres;Angola;Parado/a;2022;186
Mujeres;Angola;Parado/a;2021;250
Mujeres;Angola;Inactivo/a;2022;740
Mujeres;Angola;Inactivo/a;2021;717
Mujeres;Argelia;Total;2022;23.356
Mujeres;Argelia;Total;2021;23.436
Mujeres;Argelia;Ocupado/a;2022;4.281
Mujeres;Argelia;Ocupado/a;2021;3.792
Mujeres;Argelia;Parado/a;2022;5.542
Mujeres;Argelia;Parado/a;2021;6.172
Mujeres;Argelia;Inactivo/a;2022;13.533
Mujeres;Argelia;Inactivo/a;2021;13.472
Mujeres;Argentina;Total;2022;154.104
Mujeres;Argentina;Total;2021;143.049
Mujeres;Argentina;Ocupado/a;2022;72.022
Mujeres;Argentina;Ocupado/a;2021;61.250
Mujeres;Argentina;Parado/a;2022;14.035
Mujeres;Argentina;Parado/a;2021;18.876
Mujeres;Argentina;Inactivo/a;2022;68.047
Mujeres;Argentina;Inactivo/a;2021;62.923
Mujeres;Armenia;Total;2022;6.477
Mujeres;Armenia;Total;2021;6.376
Mujeres;Armenia;Ocupado/a;2022;2.697
Mujeres;Armenia;Ocupado/a;2021;2.495
Mujeres;Armenia;Parado/a;2022;877
Mujeres;Armenia;Parado/a;2021;1.119
Mujeres;Armenia;Inactivo/a;2022;2.903
Mujeres;Armenia;Inactivo/a;2021;2.762
Mujeres;Australia;Total;2022;2.909
Mujeres;Australia;Total;2021;2.958
Mujeres;Australia;Ocupado/a;2022;1.302
Mujeres;Australia;Ocupado/a;2021;1.285
Mujeres;Australia;Parado/a;2022;190
Mujeres;Australia;Parado/a;2021;224
Mujeres;Australia;Inactivo/a;2022;1.417
Mujeres;Australia;Inactivo/a;2021;1.449
Mujeres;Austria;Total;2022;3.675
Mujeres;Austria;Total;2021;3.574
Mujeres;Austria;Ocupado/a;2022;1.330
Mujeres;Austria;Ocupado/a;2021;1.239
Mujeres;Austria;Parado/a;2022;143
Mujeres;Austria;Parado/a;2021;208
Mujeres;Austria;Inactivo/a;2022;2.202
Mujeres;Austria;Inactivo/a;2021;2.127
Mujeres;Bangladesh;Total;2022;4.536
Mujeres;Bangladesh;Total;2021;4.387
Mujeres;Bangladesh;Ocupado/a;2022;1.033
Mujeres;Bangladesh;Ocupado/a;2021;895
Mujeres;Bangladesh;Parado/a;2022;415
Mujeres;Bangladesh;Parado/a;2021;476
Mujeres;Bangladesh;Inactivo/a;2022;3.088
Mujeres;Bangladesh;Inactivo/a;2021;3.016
Mujeres;Belarús;Total;2022;4.216
Mujeres;Belarús;Total;2021;3.917
Mujeres;Belarús;Ocupado/a;2022;1.621
Mujeres;Belarús;Ocupado/a;2021;1.403
Mujeres;Belarús;Parado/a;2022;432
Mujeres;Belarús;Parado/a;2021;560
Mujeres;Belarús;Inactivo/a;2022;2.163
Mujeres;Belarús;Inactivo/a;2021;1.954
Mujeres;Bélgica;Total;2022;23.674
Mujeres;Bélgica;Total;2021;22.323
Mujeres;Bélgica;Ocupado/a;2022;8.209
Mujeres;Bélgica;Ocupado/a;2021;7.791
Mujeres;Bélgica;Parado/a;2022;1.613
Mujeres;Bélgica;Parado/a;2021;1.877
Mujeres;Bélgica;Inactivo/a;2022;13.852
Mujeres;Bélgica;Inactivo/a;2021;12.655
Mujeres;Bolivia;Total;2022;104.491
Mujeres;Bolivia;Total;2021;103.154
Mujeres;Bolivia;Ocupado/a;2022;61.024
Mujeres;Bolivia;Ocupado/a;2021;56.400
Mujeres;Bolivia;Parado/a;2022;10.083
Mujeres;Bolivia;Parado/a;2021;14.265
Mujeres;Bolivia;Inactivo/a;2022;33.384
Mujeres;Bolivia;Inactivo/a;2021;32.489
Mujeres;Brasil;Total;2022;90.747
Mujeres;Brasil;Total;2021;90.642
Mujeres;Brasil;Ocupado/a;2022;35.627
Mujeres;Brasil;Ocupado/a;2021;31.655
Mujeres;Brasil;Parado/a;2022;10.576
Mujeres;Brasil;Parado/a;2021;14.343
Mujeres;Brasil;Inactivo/a;2022;44.544
Mujeres;Brasil;Inactivo/a;2021;44.644
Mujeres;Bulgaria;Total;2022;53.570
Mujeres;Bulgaria;Total;2021;55.225
Mujeres;Bulgaria;Ocupado/a;2022;24.483
Mujeres;Bulgaria;Ocupado/a;2021;23.526
Mujeres;Bulgaria;Parado/a;2022;8.921
Mujeres;Bulgaria;Parado/a;2021;11.392
Mujeres;Bulgaria;Inactivo/a;2022;20.166
Mujeres;Bulgaria;Inactivo/a;2021;20.307
Mujeres;Cabo Verde;Total;2022;2.647
Mujeres;Cabo Verde;Total;2021;2.634
Mujeres;Cabo Verde;Ocupado/a;2022;1.505
Mujeres;Cabo Verde;Ocupado/a;2021;1.391
Mujeres;Cabo Verde;Parado/a;2022;228
Mujeres;Cabo Verde;Parado/a;2021;347
Mujeres;Cabo Verde;Inactivo/a;2022;914
Mujeres;Cabo Verde;Inactivo/a;2021;896
Mujeres;Camerún;Total;2022;2.384
Mujeres;Camerún;Total;2021;2.315
Mujeres;Camerún;Ocupado/a;2022;919
Mujeres;Camerún;Ocupado/a;2021;770
Mujeres;Camerún;Parado/a;2022;371
Mujeres;Camerún;Parado/a;2021;453
Mujeres;Camerún;Inactivo/a;2022;1.094
Mujeres;Camerún;Inactivo/a;2021;1.092
Mujeres;Canadá;Total;2022;3.739
Mujeres;Canadá;Total;2021;3.653
Mujeres;Canadá;Ocupado/a;2022;1.527
Mujeres;Canadá;Ocupado/a;2021;1.435
Mujeres;Canadá;Parado/a;2022;152
Mujeres;Canadá;Parado/a;2021;196
Mujeres;Canadá;Inactivo/a;2022;2.060
Mujeres;Canadá;Inactivo/a;2021;2.022
Mujeres;Chile;Total;2022;32.013
Mujeres;Chile;Total;2021;31.114
Mujeres;Chile;Ocupado/a;2022;12.544
Mujeres;Chile;Ocupado/a;2021;11.358
Mujeres;Chile;Parado/a;2022;3.111
Mujeres;Chile;Parado/a;2021;4.078
Mujeres;Chile;Inactivo/a;2022;16.358
Mujeres;Chile;Inactivo/a;2021;15.678
Mujeres;China;Total;2022;95.308
Mujeres;China;Total;2021;93.824
Mujeres;China;Ocupado/a;2022;50.935
Mujeres;China;Ocupado/a;2021;46.760
Mujeres;China;Parado/a;2022;2.082
Mujeres;China;Parado/a;2021;3.382
Mujeres;China;Inactivo/a;2022;42.291
Mujeres;China;Inactivo/a;2021;43.682
Mujeres;Colombia;Total;2022;308.886
Mujeres;Colombia;Total;2021;292.234
Mujeres;Colombia;Ocupado/a;2022;127.334
Mujeres;Colombia;Ocupado/a;2021;111.023
Mujeres;Colombia;Parado/a;2022;32.600
Mujeres;Colombia;Parado/a;2021;43.501
Mujeres;Colombia;Inactivo/a;2022;148.952
Mujeres;Colombia;Inactivo/a;2021;137.710
Mujeres;Corea;Total;2022;2.453
Mujeres;Corea;Total;2021;2.543
Mujeres;Corea;Ocupado/a;2022;721
Mujeres;Corea;Ocupado/a;2021;701
Mujeres;Corea;Parado/a;2022;76
Mujeres;Corea;Parado/a;2021;106
Mujeres;Corea;Inactivo/a;2022;1.656
Mujeres;Corea;Inactivo/a;2021;1.736
Mujeres;Costa de Marfil;Total;2022;1.375
Mujeres;Costa de Marfil;Total;2021;1.329
Mujeres;Costa de Marfil;Ocupado/a;2022;514
Mujeres;Costa de Marfil;Ocupado/a;2021;394
Mujeres;Costa de Marfil;Parado/a;2022;181
Mujeres;Costa de Marfil;Parado/a;2021;251
Mujeres;Costa de Marfil;Inactivo/a;2022;680
Mujeres;Costa de Marfil;Inactivo/a;2021;684
Mujeres;Costa Rica;Total;2022;2.874
Mujeres;Costa Rica;Total;2021;2.776
Mujeres;Costa Rica;Ocupado/a;2022;1.033
Mujeres;Costa Rica;Ocupado/a;2021;874
Mujeres;Costa Rica;Parado/a;2022;205
Mujeres;Costa Rica;Parado/a;2021;286
Mujeres;Costa Rica;Inactivo/a;2022;1.636
Mujeres;Costa Rica;Inactivo/a;2021;1.616
Mujeres;Croacia;Total;2022;1.233
Mujeres;Croacia;Total;2021;1.198
Mujeres;Croacia;Ocupado/a;2022;569
Mujeres;Croacia;Ocupado/a;2021;523
Mujeres;Croacia;Parado/a;2022;86
Mujeres;Croacia;Parado/a;2021;135
Mujeres;Croacia;Inactivo/a;2022;578
Mujeres;Croacia;Inactivo/a;2021;540
Mujeres;Cuba;Total;2022;92.624
Mujeres;Cuba;Total;2021;87.383
Mujeres;Cuba;Ocupado/a;2022;35.813
Mujeres;Cuba;Ocupado/a;2021;30.710
Mujeres;Cuba;Parado/a;2022;13.106
Mujeres;Cuba;Parado/a;2021;15.834
Mujeres;Cuba;Inactivo/a;2022;43.705
Mujeres;Cuba;Inactivo/a;2021;40.839
Mujeres;Dinamarca;Total;2022;4.012
Mujeres;Dinamarca;Total;2021;4.005
Mujeres;Dinamarca;Ocupado/a;2022;1.168
Mujeres;Dinamarca;Ocupado/a;2021;1.101
Mujeres;Dinamarca;Parado/a;2022;99
Mujeres;Dinamarca;Parado/a;2021;150
Mujeres;Dinamarca;Inactivo/a;2022;2.745
Mujeres;Dinamarca;Inactivo/a;2021;2.754
Mujeres;Ecuador;Total;2022;219.974
Mujeres;Ecuador;Total;2021;218.626
Mujeres;Ecuador;Ocupado/a;2022;133.706
Mujeres;Ecuador;Ocupado/a;2021;123.443
Mujeres;Ecuador;Parado/a;2022;23.770
Mujeres;Ecuador;Parado/a;2021;32.709
Mujeres;Ecuador;Inactivo/a;2022;62.498
Mujeres;Ecuador;Inactivo/a;2021;62.474
Mujeres;Egipto;Total;2022;1.745
Mujeres;Egipto;Total;2021;1.598
Mujeres;Egipto;Ocupado/a;2022;353
Mujeres;Egipto;Ocupado/a;2021;302
Mujeres;Egipto;Parado/a;2022;192
Mujeres;Egipto;Parado/a;2021;212
Mujeres;Egipto;Inactivo/a;2022;1.200
Mujeres;Egipto;Inactivo/a;2021;1.084
Mujeres;El Salvador;Total;2022;15.924
Mujeres;El Salvador;Total;2021;14.825
Mujeres;El Salvador;Ocupado/a;2022;6.504
Mujeres;El Salvador;Ocupado/a;2021;5.671
Mujeres;El Salvador;Parado/a;2022;746
Mujeres;El Salvador;Parado/a;2021;1.235
Mujeres;El Salvador;Inactivo/a;2022;8.674
Mujeres;El Salvador;Inactivo/a;2021;7.919
Mujeres;Estados Unidos de América;Total;2022;25.432
Mujeres;Estados Unidos de América;Total;2021;23.616
Mujeres;Estados Unidos de América;Ocupado/a;2022;7.864
Mujeres;Estados Unidos de América;Ocupado/a;2021;7.273
Mujeres;Estados Unidos de América;Parado/a;2022;689
Mujeres;Estados Unidos de América;Parado/a;2021;872
Mujeres;Estados Unidos de América;Inactivo/a;2022;16.879
Mujeres;Estados Unidos de América;Inactivo/a;2021;15.471
Mujeres;España;Total;2022;17.133.830
Mujeres;España;Total;2021;17.132.331
Mujeres;España;Ocupado/a;2022;7.561.241
Mujeres;España;Ocupado/a;2021;7.312.678
Mujeres;España;Parado/a;2022;1.444.703
Mujeres;España;Parado/a;2021;1.714.366
Mujeres;España;Inactivo/a;2022;8.127.886
Mujeres;España;Inactivo/a;2021;8.105.287
Mujeres;Estonia;Total;2022;1.359
Mujeres;Estonia;Total;2021;1.327
Mujeres;Estonia;Ocupado/a;2022;478
Mujeres;Estonia;Ocupado/a;2021;437
Mujeres;Estonia;Parado/a;2022;109
Mujeres;Estonia;Parado/a;2021;172
Mujeres;Estonia;Inactivo/a;2022;772
Mujeres;Estonia;Inactivo/a;2021;718
Mujeres;Etiopía;Total;2022;1.181
Mujeres;Etiopía;Total;2021;1.045
Mujeres;Etiopía;Ocupado/a;2022;299
Mujeres;Etiopía;Ocupado/a;2021;222
Mujeres;Etiopía;Parado/a;2022;72
Mujeres;Etiopía;Parado/a;2021;107
Mujeres;Etiopía;Inactivo/a;2022;810
Mujeres;Etiopía;Inactivo/a;2021;716
Mujeres;Filipinas;Total;2022;33.355
Mujeres;Filipinas;Total;2021;32.550
Mujeres;Filipinas;Ocupado/a;2022;19.168
Mujeres;Filipinas;Ocupado/a;2021;17.768
Mujeres;Filipinas;Parado/a;2022;1.063
Mujeres;Filipinas;Parado/a;2021;1.745
Mujeres;Filipinas;Inactivo/a;2022;13.124
Mujeres;Filipinas;Inactivo/a;2021;13.037
Mujeres;Finlandia;Total;2022;6.239
Mujeres;Finlandia;Total;2021;6.121
Mujeres;Finlandia;Ocupado/a;2022;1.637
Mujeres;Finlandia;Ocupado/a;2021;1.505
Mujeres;Finlandia;Parado/a;2022;150
Mujeres;Finlandia;Parado/a;2021;231
Mujeres;Finlandia;Inactivo/a;2022;4.452
Mujeres;Finlandia;Inactivo/a;2021;4.385
Mujeres;Francia;Total;2022;103.879
Mujeres;Francia;Total;2021;102.958
Mujeres;Francia;Ocupado/a;2022;49.450
Mujeres;Francia;Ocupado/a;2021;47.640
Mujeres;Francia;Parado/a;2022;9.475
Mujeres;Francia;Parado/a;2021;11.258
Mujeres;Francia;Inactivo/a;2022;44.954
Mujeres;Francia;Inactivo/a;2021;44.060
Mujeres;Gambia;Total;2022;4.138
Mujeres;Gambia;Total;2021;3.998
Mujeres;Gambia;Ocupado/a;2022;1.616
Mujeres;Gambia;Ocupado/a;2021;1.265
Mujeres;Gambia;Parado/a;2022;682
Mujeres;Gambia;Parado/a;2021;1.018
Mujeres;Gambia;Inactivo/a;2022;1.840
Mujeres;Gambia;Inactivo/a;2021;1.715
Mujeres;Georgia;Total;2022;9.401
Mujeres;Georgia;Total;2021;9.280
Mujeres;Georgia;Ocupado/a;2022;3.855
Mujeres;Georgia;Ocupado/a;2021;3.470
Mujeres;Georgia;Parado/a;2022;714
Mujeres;Georgia;Parado/a;2021;1.076
Mujeres;Georgia;Inactivo/a;2022;4.832
Mujeres;Georgia;Inactivo/a;2021;4.734
Mujeres;Ghana;Total;2022;4.733
Mujeres;Ghana;Total;2021;4.466
Mujeres;Ghana;Ocupado/a;2022;1.942
Mujeres;Ghana;Ocupado/a;2021;1.563
Mujeres;Ghana;Parado/a;2022;627
Mujeres;Ghana;Parado/a;2021;827
Mujeres;Ghana;Inactivo/a;2022;2.164
Mujeres;Ghana;Inactivo/a;2021;2.076
Mujeres;Grecia;Total;2022;2.154
Mujeres;Grecia;Total;2021;2.049
Mujeres;Grecia;Ocupado/a;2022;1.128
Mujeres;Grecia;Ocupado/a;2021;981
Mujeres;Grecia;Parado/a;2022;126
Mujeres;Grecia;Parado/a;2021;163
Mujeres;Grecia;Inactivo/a;2022;900
Mujeres;Grecia;Inactivo/a;2021;905
Mujeres;Guatemala;Total;2022;8.650
Mujeres;Guatemala;Total;2021;8.321
Mujeres;Guatemala;Ocupado/a;2022;3.375
Mujeres;Guatemala;Ocupado/a;2021;2.905
Mujeres;Guatemala;Parado/a;2022;508
Mujeres;Guatemala;Parado/a;2021;676
Mujeres;Guatemala;Inactivo/a;2022;4.767
Mujeres;Guatemala;Inactivo/a;2021;4.740
Mujeres;Guinea;Total;2022;4.137
Mujeres;Guinea;Total;2021;4.086
Mujeres;Guinea;Ocupado/a;2022;1.443
Mujeres;Guinea;Ocupado/a;2021;1.208
Mujeres;Guinea;Parado/a;2022;591
Mujeres;Guinea;Parado/a;2021;846
Mujeres;Guinea;Inactivo/a;2022;2.103
Mujeres;Guinea;Inactivo/a;2021;2.032
Mujeres;Guinea Ecuatorial;Total;2022;13.296
Mujeres;Guinea Ecuatorial;Total;2021;13.046
Mujeres;Guinea Ecuatorial;Ocupado/a;2022;4.505
Mujeres;Guinea Ecuatorial;Ocupado/a;2021;3.817
Mujeres;Guinea Ecuatorial;Parado/a;2022;1.607
Mujeres;Guinea Ecuatorial;Parado/a;2021;2.159
Mujeres;Guinea Ecuatorial;Inactivo/a;2022;7.184
Mujeres;Guinea Ecuatorial;Inactivo/a;2021;7.070
Mujeres;Guinea-Bissau;Total;2022;1.511
Mujeres;Guinea-Bissau;Total;2021;1.467
Mujeres;Guinea-Bissau;Ocupado/a;2022;618
Mujeres;Guinea-Bissau;Ocupado/a;2021;518
Mujeres;Guinea-Bissau;Parado/a;2022;182
Mujeres;Guinea-Bissau;Parado/a;2021;254
Mujeres;Guinea-Bissau;Inactivo/a;2022;711
Mujeres;Guinea-Bissau;Inactivo/a;2021;695
Mujeres;Honduras;Total;2022;98.023
Mujeres;Honduras;Total;2021;92.904
Mujeres;Honduras;Ocupado/a;2022;37.644
Mujeres;Honduras;Ocupado/a;2021;30.390
Mujeres;Honduras;Parado/a;2022;3.804
Mujeres;Honduras;Parado/a;2021;5.078
Mujeres;Honduras;Inactivo/a;2022;56.575
Mujeres;Honduras;Inactivo/a;2021;57.436
Mujeres;Hungría;Total;2022;5.482
Mujeres;Hungría;Total;2021;5.396
Mujeres;Hungría;Ocupado/a;2022;2.255
Mujeres;Hungría;Ocupado/a;2021;1.995
Mujeres;Hungría;Parado/a;2022;462
Mujeres;Hungría;Parado/a;2021;712
Mujeres;Hungría;Inactivo/a;2022;2.765
Mujeres;Hungría;Inactivo/a;2021;2.689
Mujeres;India;Total;2022;19.611
Mujeres;India;Total;2021;18.737
Mujeres;India;Ocupado/a;2022;6.354
Mujeres;India;Ocupado/a;2021;5.328
Mujeres;India;Parado/a;2022;1.174
Mujeres;India;Parado/a;2021;1.701
Mujeres;India;Inactivo/a;2022;12.083
Mujeres;India;Inactivo/a;2021;11.708
Mujeres;Indonesia;Total;2022;1.249
Mujeres;Indonesia;Total;2021;1.163
Mujeres;Indonesia;Ocupado/a;2022;337
Mujeres;Indonesia;Ocupado/a;2021;283
Mujeres;Indonesia;Parado/a;2022;54
Mujeres;Indonesia;Parado/a;2021;84
Mujeres;Indonesia;Inactivo/a;2022;858
Mujeres;Indonesia;Inactivo/a;2021;796
Mujeres;Irán;Total;2022;4.609
Mujeres;Irán;Total;2021;4.268
Mujeres;Irán;Ocupado/a;2022;1.108
Mujeres;Irán;Ocupado/a;2021;976
Mujeres;Irán;Parado/a;2022;218
Mujeres;Irán;Parado/a;2021;267
Mujeres;Irán;Inactivo/a;2022;3.283
Mujeres;Irán;Inactivo/a;2021;3.025
Mujeres;Iraq;Total;2022;984
Mujeres;Iraq;Total;2021;915
Mujeres;Iraq;Ocupado/a;2022;189
Mujeres;Iraq;Ocupado/a;2021;171
Mujeres;Iraq;Parado/a;2022;111
Mujeres;Iraq;Parado/a;2021;137
Mujeres;Iraq;Inactivo/a;2022;684
Mujeres;Iraq;Inactivo/a;2021;607
Mujeres;Irlanda;Total;2022;7.471
Mujeres;Irlanda;Total;2021;6.600
Mujeres;Irlanda;Ocupado/a;2022;2.364
Mujeres;Irlanda;Ocupado/a;2021;2.098
Mujeres;Irlanda;Parado/a;2022;197
Mujeres;Irlanda;Parado/a;2021;299
Mujeres;Irlanda;Inactivo/a;2022;4.910
Mujeres;Irlanda;Inactivo/a;2021;4.203
Mujeres;Israel;Total;2022;1.308
Mujeres;Israel;Total;2021;1.250
Mujeres;Israel;Ocupado/a;2022;460
Mujeres;Israel;Ocupado/a;2021;416
Mujeres;Israel;Parado/a;2022;59
Mujeres;Israel;Parado/a;2021;77
Mujeres;Israel;Inactivo/a;2022;789
Mujeres;Israel;Inactivo/a;2021;757
Mujeres;Italia;Total;2022;56.702
Mujeres;Italia;Total;2021;55.469
Mujeres;Italia;Ocupado/a;2022;26.939
Mujeres;Italia;Ocupado/a;2021;23.969
Mujeres;Italia;Parado/a;2022;4.134
Mujeres;Italia;Parado/a;2021;6.571
Mujeres;Italia;Inactivo/a;2022;25.629
Mujeres;Italia;Inactivo/a;2021;24.929
Mujeres;Japón;Total;2022;3.969
Mujeres;Japón;Total;2021;4.009
Mujeres;Japón;Ocupado/a;2022;1.532
Mujeres;Japón;Ocupado/a;2021;1.459
Mujeres;Japón;Parado/a;2022;203
Mujeres;Japón;Parado/a;2021;262
Mujeres;Japón;Inactivo/a;2022;2.234
Mujeres;Japón;Inactivo/a;2021;2.288
Mujeres;Jordania;Total;2022;792
Mujeres;Jordania;Total;2021;734
Mujeres;Jordania;Ocupado/a;2022;177
Mujeres;Jordania;Ocupado/a;2021;157
Mujeres;Jordania;Parado/a;2022;71
Mujeres;Jordania;Parado/a;2021;98
Mujeres;Jordania;Inactivo/a;2022;544
Mujeres;Jordania;Inactivo/a;2021;479
Mujeres;Kazajstán;Total;2022;2.067
Mujeres;Kazajstán;Total;2021;1.776
Mujeres;Kazajstán;Ocupado/a;2022;449
Mujeres;Kazajstán;Ocupado/a;2021;372
Mujeres;Kazajstán;Parado/a;2022;107
Mujeres;Kazajstán;Parado/a;2021;137
Mujeres;Kazajstán;Inactivo/a;2022;1.511
Mujeres;Kazajstán;Inactivo/a;2021;1.267
Mujeres;Letonia;Total;2022;2.712
Mujeres;Letonia;Total;2021;2.551
Mujeres;Letonia;Ocupado/a;2022;1.124
Mujeres;Letonia;Ocupado/a;2021;1.018
Mujeres;Letonia;Parado/a;2022;277
Mujeres;Letonia;Parado/a;2021;370
Mujeres;Letonia;Inactivo/a;2022;1.311
Mujeres;Letonia;Inactivo/a;2021;1.163
Mujeres;Líbano;Total;2022;1.837
Mujeres;Líbano;Total;2021;1.616
Mujeres;Líbano;Ocupado/a;2022;520
Mujeres;Líbano;Ocupado/a;2021;433
Mujeres;Líbano;Parado/a;2022;104
Mujeres;Líbano;Parado/a;2021;126
Mujeres;Líbano;Inactivo/a;2022;1.213
Mujeres;Líbano;Inactivo/a;2021;1.057
Mujeres;Lituania;Total;2022;8.069
Mujeres;Lituania;Total;2021;8.087
Mujeres;Lituania;Ocupado/a;2022;4.011
Mujeres;Lituania;Ocupado/a;2021;3.752
Mujeres;Lituania;Parado/a;2022;1.100
Mujeres;Lituania;Parado/a;2021;1.451
Mujeres;Lituania;Inactivo/a;2022;2.958
Mujeres;Lituania;Inactivo/a;2021;2.884
Mujeres;Mali;Total;2022;2.990
Mujeres;Mali;Total;2021;2.857
Mujeres;Mali;Ocupado/a;2022;1.336
Mujeres;Mali;Ocupado/a;2021;1.096
Mujeres;Mali;Parado/a;2022;484
Mujeres;Mali;Parado/a;2021;620
Mujeres;Mali;Inactivo/a;2022;1.170
Mujeres;Mali;Inactivo/a;2021;1.141
Mujeres;Marruecos;Total;2022;377.951
Mujeres;Marruecos;Total;2021;370.560
Mujeres;Marruecos;Ocupado/a;2022;94.403
Mujeres;Marruecos;Ocupado/a;2021;82.791
Mujeres;Marruecos;Parado/a;2022;78.702
Mujeres;Marruecos;Parado/a;2021;95.957
Mujeres;Marruecos;Inactivo/a;2022;204.846
Mujeres;Marruecos;Inactivo/a;2021;191.812
Mujeres;Mauritania;Total;2022;2.321
Mujeres;Mauritania;Total;2021;2.127
Mujeres;Mauritania;Ocupado/a;2022;340
Mujeres;Mauritania;Ocupado/a;2021;283
Mujeres;Mauritania;Parado/a;2022;553
Mujeres;Mauritania;Parado/a;2021;678
Mujeres;Mauritania;Inactivo/a;2022;1.428
Mujeres;Mauritania;Inactivo/a;2021;1.166
Mujeres;México;Total;2022;35.769
Mujeres;México;Total;2021;33.861
Mujeres;México;Ocupado/a;2022;14.358
Mujeres;México;Ocupado/a;2021;12.749
Mujeres;México;Parado/a;2022;2.659
Mujeres;México;Parado/a;2021;3.430
Mujeres;México;Inactivo/a;2022;18.752
Mujeres;México;Inactivo/a;2021;17.682
Mujeres;Moldavia;Total;2022;11.223
Mujeres;Moldavia;Total;2021;11.008
Mujeres;Moldavia;Ocupado/a;2022;5.497
Mujeres;Moldavia;Ocupado/a;2021;5.109
Mujeres;Moldavia;Parado/a;2022;1.191
Mujeres;Moldavia;Parado/a;2021;1.589
Mujeres;Moldavia;Inactivo/a;2022;4.535
Mujeres;Moldavia;Inactivo/a;2021;4.310
Mujeres;Nepal;Total;2022;2.433
Mujeres;Nepal;Total;2021;2.324
Mujeres;Nepal;Ocupado/a;2022;1.109
Mujeres;Nepal;Ocupado/a;2021;870
Mujeres;Nepal;Parado/a;2022;189
Mujeres;Nepal;Parado/a;2021;245
Mujeres;Nepal;Inactivo/a;2022;1.135
Mujeres;Nepal;Inactivo/a;2021;1.209
Mujeres;Nicaragua;Total;2022;46.330
Mujeres;Nicaragua;Total;2021;45.957
Mujeres;Nicaragua;Ocupado/a;2022;19.099
Mujeres;Nicaragua;Ocupado/a;2021;16.436
Mujeres;Nicaragua;Parado/a;2022;1.964
Mujeres;Nicaragua;Parado/a;2021;2.611
Mujeres;Nicaragua;Inactivo/a;2022;25.267
Mujeres;Nicaragua;Inactivo/a;2021;26.910
Mujeres;Nigeria;Total;2022;13.225
Mujeres;Nigeria;Total;2021;13.383
Mujeres;Nigeria;Ocupado/a;2022;3.931
Mujeres;Nigeria;Ocupado/a;2021;3.152
Mujeres;Nigeria;Parado/a;2022;3.127
Mujeres;Nigeria;Parado/a;2021;4.116
Mujeres;Nigeria;Inactivo/a;2022;6.167
Mujeres;Nigeria;Inactivo/a;2021;6.115
Mujeres;Noruega;Total;2022;5.055
Mujeres;Noruega;Total;2021;4.834
Mujeres;Noruega;Ocupado/a;2022;953
Mujeres;Noruega;Ocupado/a;2021;864
Mujeres;Noruega;Parado/a;2022;73
Mujeres;Noruega;Parado/a;2021;113
Mujeres;Noruega;Inactivo/a;2022;4.029
Mujeres;Noruega;Inactivo/a;2021;3.857
Mujeres;Países Bajos;Total;2022;23.118
Mujeres;Países Bajos;Total;2021;21.590
Mujeres;Países Bajos;Ocupado/a;2022;7.624
Mujeres;Países Bajos;Ocupado/a;2021;6.984
Mujeres;Países Bajos;Parado/a;2022;928
Mujeres;Países Bajos;Parado/a;2021;1.280
Mujeres;Países Bajos;Inactivo/a;2022;14.566
Mujeres;Países Bajos;Inactivo/a;2021;13.326
Mujeres;Pakistán;Total;2022;24.790
Mujeres;Pakistán;Total;2021;22.716
Mujeres;Pakistán;Ocupado/a;2022;3.294
Mujeres;Pakistán;Ocupado/a;2021;2.887
Mujeres;Pakistán;Parado/a;2022;2.127
Mujeres;Pakistán;Parado/a;2021;2.683
Mujeres;Pakistán;Inactivo/a;2022;19.369
Mujeres;Pakistán;Inactivo/a;2021;17.146
Mujeres;Panamá;Total;2022;3.364
Mujeres;Panamá;Total;2021;3.170
Mujeres;Panamá;Ocupado/a;2022;1.226
Mujeres;Panamá;Ocupado/a;2021;1.086
Mujeres;Panamá;Parado/a;2022;301
Mujeres;Panamá;Parado/a;2021;366
Mujeres;Panamá;Inactivo/a;2022;1.837
Mujeres;Panamá;Inactivo/a;2021;1.718
Mujeres;Paraguay;Total;2022;72.381
Mujeres;Paraguay;Total;2021;70.867
Mujeres;Paraguay;Ocupado/a;2022;36.245
Mujeres;Paraguay;Ocupado/a;2021;33.279
Mujeres;Paraguay;Parado/a;2022;5.342
Mujeres;Paraguay;Parado/a;2021;7.438
Mujeres;Paraguay;Inactivo/a;2022;30.794
Mujeres;Paraguay;Inactivo/a;2021;30.150
Mujeres;Perú;Total;2022;140.888
Mujeres;Perú;Total;2021;133.312
Mujeres;Perú;Ocupado/a;2022;68.049
Mujeres;Perú;Ocupado/a;2021;61.360
Mujeres;Perú;Parado/a;2022;11.612
Mujeres;Perú;Parado/a;2021;15.130
Mujeres;Perú;Inactivo/a;2022;61.227
Mujeres;Perú;Inactivo/a;2021;56.822
Mujeres;Polonia;Total;2022;29.204
Mujeres;Polonia;Total;2021;29.136
Mujeres;Polonia;Ocupado/a;2022;15.367
Mujeres;Polonia;Ocupado/a;2021;14.558
Mujeres;Polonia;Parado/a;2022;3.236
Mujeres;Polonia;Parado/a;2021;4.249
Mujeres;Polonia;Inactivo/a;2022;10.601
Mujeres;Polonia;Inactivo/a;2021;10.329
Mujeres;Portugal;Total;2022;41.466
Mujeres;Portugal;Total;2021;41.405
Mujeres;Portugal;Ocupado/a;2022;16.503
Mujeres;Portugal;Ocupado/a;2021;15.396
Mujeres;Portugal;Parado/a;2022;4.227
Mujeres;Portugal;Parado/a;2021;5.588
Mujeres;Portugal;Inactivo/a;2022;20.736
Mujeres;Portugal;Inactivo/a;2021;20.421
Mujeres;Reino Unido;Total;2022;137.770
Mujeres;Reino Unido;Total;2021;135.112
Mujeres;Reino Unido;Ocupado/a;2022;32.533
Mujeres;Reino Unido;Ocupado/a;2021;31.279
Mujeres;Reino Unido;Parado/a;2022;3.763
Mujeres;Reino Unido;Parado/a;2021;5.177
Mujeres;Reino Unido;Inactivo/a;2022;101.474
Mujeres;Reino Unido;Inactivo/a;2021;98.656
Mujeres;República Checa;Total;2022;4.519
Mujeres;República Checa;Total;2021;4.554
Mujeres;República Checa;Ocupado/a;2022;2.043
Mujeres;República Checa;Ocupado/a;2021;1.875
Mujeres;República Checa;Parado/a;2022;494
Mujeres;República Checa;Parado/a;2021;725
Mujeres;República Checa;Inactivo/a;2022;1.982
Mujeres;República Checa;Inactivo/a;2021;1.954
Mujeres;República Dominicana;Total;2022;107.136
Mujeres;República Dominicana;Total;2021;105.862
Mujeres;República Dominicana;Ocupado/a;2022;50.345
Mujeres;República Dominicana;Ocupado/a;2021;44.814
Mujeres;República Dominicana;Parado/a;2022;14.435
Mujeres;República Dominicana;Parado/a;2021;20.654
Mujeres;República Dominicana;Inactivo/a;2022;42.356
Mujeres;República Dominicana;Inactivo/a;2021;40.394
Mujeres;República Eslovaca;Total;2022;3.476
Mujeres;República Eslovaca;Total;2021;3.469
Mujeres;República Eslovaca;Ocupado/a;2022;1.753
Mujeres;República Eslovaca;Ocupado/a;2021;1.613
Mujeres;República Eslovaca;Parado/a;2022;429
Mujeres;República Eslovaca;Parado/a;2021;575
Mujeres;República Eslovaca;Inactivo/a;2022;1.294
Mujeres;República Eslovaca;Inactivo/a;2021;1.281
Mujeres;Rumanía;Total;2022;277.156
Mujeres;Rumanía;Total;2021;284.414
Mujeres;Rumanía;Ocupado/a;2022;139.287
Mujeres;Rumanía;Ocupado/a;2021;133.782
Mujeres;Rumanía;Parado/a;2022;42.612
Mujeres;Rumanía;Parado/a;2021;53.643
Mujeres;Rumanía;Inactivo/a;2022;95.257
Mujeres;Rumanía;Inactivo/a;2021;96.989
Mujeres;Rusia;Total;2022;59.785
Mujeres;Rusia;Total;2021;57.549
Mujeres;Rusia;Ocupado/a;2022;19.387
Mujeres;Rusia;Ocupado/a;2021;17.494
Mujeres;Rusia;Parado/a;2022;6.151
Mujeres;Rusia;Parado/a;2021;7.977
Mujeres;Rusia;Inactivo/a;2022;34.247
Mujeres;Rusia;Inactivo/a;2021;32.078
Mujeres;Senegal;Total;2022;15.032
Mujeres;Senegal;Total;2021;14.364
Mujeres;Senegal;Ocupado/a;2022;5.641
Mujeres;Senegal;Ocupado/a;2021;4.562
Mujeres;Senegal;Parado/a;2022;2.555
Mujeres;Senegal;Parado/a;2021;3.446
Mujeres;Senegal;Inactivo/a;2022;6.836
Mujeres;Senegal;Inactivo/a;2021;6.356
Mujeres;Serbia;Total;2022;2.899
Mujeres;Serbia;Total;2021;2.848
Mujeres;Serbia;Ocupado/a;2022;1.162
Mujeres;Serbia;Ocupado/a;2021;1.069
Mujeres;Serbia;Parado/a;2022;190
Mujeres;Serbia;Parado/a;2021;277
Mujeres;Serbia;Inactivo/a;2022;1.547
Mujeres;Serbia;Inactivo/a;2021;1.502
Mujeres;Siria;Total;2022;3.497
Mujeres;Siria;Total;2021;3.366
Mujeres;Siria;Ocupado/a;2022;613
Mujeres;Siria;Ocupado/a;2021;515
Mujeres;Siria;Parado/a;2022;752
Mujeres;Siria;Parado/a;2021;871
Mujeres;Siria;Inactivo/a;2022;2.132
Mujeres;Siria;Inactivo/a;2021;1.980
Mujeres;Sudáfrica;Total;2022;1.784
Mujeres;Sudáfrica;Total;2021;1.721
Mujeres;Sudáfrica;Ocupado/a;2022;661
Mujeres;Sudáfrica;Ocupado/a;2021;604
Mujeres;Sudáfrica;Parado/a;2022;77
Mujeres;Sudáfrica;Parado/a;2021;110
Mujeres;Sudáfrica;Inactivo/a;2022;1.046
Mujeres;Sudáfrica;Inactivo/a;2021;1.007
Mujeres;Suecia;Total;2022;9.912
Mujeres;Suecia;Total;2021;9.277
Mujeres;Suecia;Ocupado/a;2022;3.154
Mujeres;Suecia;Ocupado/a;2021;2.900
Mujeres;Suecia;Parado/a;2022;274
Mujeres;Suecia;Parado/a;2021;420
Mujeres;Suecia;Inactivo/a;2022;6.484
Mujeres;Suecia;Inactivo/a;2021;5.957
Mujeres;Suiza;Total;2022;28.509
Mujeres;Suiza;Total;2021;28.015
Mujeres;Suiza;Ocupado/a;2022;15.697
Mujeres;Suiza;Ocupado/a;2021;15.106
Mujeres;Suiza;Parado/a;2022;2.567
Mujeres;Suiza;Parado/a;2021;3.072
Mujeres;Suiza;Inactivo/a;2022;10.245
Mujeres;Suiza;Inactivo/a;2021;9.837
Mujeres;Tailandia;Total;2022;2.222
Mujeres;Tailandia;Total;2021;2.066
Mujeres;Tailandia;Ocupado/a;2022;838
Mujeres;Tailandia;Ocupado/a;2021;721
Mujeres;Tailandia;Parado/a;2022;110
Mujeres;Tailandia;Parado/a;2021;162
Mujeres;Tailandia;Inactivo/a;2022;1.274
Mujeres;Tailandia;Inactivo/a;2021;1.183
Mujeres;Túnez;Total;2022;1.368
Mujeres;Túnez;Total;2021;1.266
Mujeres;Túnez;Ocupado/a;2022;408
Mujeres;Túnez;Ocupado/a;2021;340
Mujeres;Túnez;Parado/a;2022;116
Mujeres;Túnez;Parado/a;2021;148
Mujeres;Túnez;Inactivo/a;2022;844
Mujeres;Túnez;Inactivo/a;2021;778
Mujeres;Turquía;Total;2022;2.606
Mujeres;Turquía;Total;2021;2.431
Mujeres;Turquía;Ocupado/a;2022;1.010
Mujeres;Turquía;Ocupado/a;2021;852
Mujeres;Turquía;Parado/a;2022;105
Mujeres;Turquía;Parado/a;2021;153
Mujeres;Turquía;Inactivo/a;2022;1.491
Mujeres;Turquía;Inactivo/a;2021;1.426
Mujeres;Ucrania;Total;2022;62.196
Mujeres;Ucrania;Total;2021;61.070
Mujeres;Ucrania;Ocupado/a;2022;28.633
Mujeres;Ucrania;Ocupado/a;2021;26.872
Mujeres;Ucrania;Parado/a;2022;6.466
Mujeres;Ucrania;Parado/a;2021;8.224
Mujeres;Ucrania;Inactivo/a;2022;27.097
Mujeres;Ucrania;Inactivo/a;2021;25.974
Mujeres;Uruguay;Total;2022;40.485
Mujeres;Uruguay;Total;2021;40.055
Mujeres;Uruguay;Ocupado/a;2022;18.655
Mujeres;Uruguay;Ocupado/a;2021;17.004
Mujeres;Uruguay;Parado/a;2022;4.300
Mujeres;Uruguay;Parado/a;2021;5.737
Mujeres;Uruguay;Inactivo/a;2022;17.530
Mujeres;Uruguay;Inactivo/a;2021;17.314
Mujeres;Venezuela;Total;2022;219.170
Mujeres;Venezuela;Total;2021;203.544
Mujeres;Venezuela;Ocupado/a;2022;112.827
Mujeres;Venezuela;Ocupado/a;2021;93.727
Mujeres;Venezuela;Parado/a;2022;22.155
Mujeres;Venezuela;Parado/a;2021;29.113
Mujeres;Venezuela;Inactivo/a;2022;84.188
Mujeres;Venezuela;Inactivo/a;2021;80.704
Mujeres;Vietnam;Total;2022;1.555
Mujeres;Vietnam;Total;2021;1.527
Mujeres;Vietnam;Ocupado/a;2022;663
Mujeres;Vietnam;Ocupado/a;2021;550
Mujeres;Vietnam;Parado/a;2022;54
Mujeres;Vietnam;Parado/a;2021;72
Mujeres;Vietnam;Inactivo/a;2022;838
Mujeres;Vietnam;Inactivo/a;2021;905
Mujeres;Otros países de Europa;Total;2022;7.507
Mujeres;Otros países de Europa;Total;2021;7.296
Mujeres;Otros países de Europa;Ocupado/a;2022;3.519
Mujeres;Otros países de Europa;Ocupado/a;2021;3.194
Mujeres;Otros países de Europa;Parado/a;2022;555
Mujeres;Otros países de Europa;Parado/a;2021;772
Mujeres;Otros países de Europa;Inactivo/a;2022;3.433
Mujeres;Otros países de Europa;Inactivo/a;2021;3.330
Mujeres;Otros países de África;Total;2022;8.754
Mujeres;Otros países de África;Total;2021;8.526
Mujeres;Otros países de África;Ocupado/a;2022;2.960
Mujeres;Otros países de África;Ocupado/a;2021;2.635
Mujeres;Otros países de África;Parado/a;2022;1.117
Mujeres;Otros países de África;Parado/a;2021;1.422
Mujeres;Otros países de África;Inactivo/a;2022;4.677
Mujeres;Otros países de África;Inactivo/a;2021;4.469
Mujeres;Otros países de América;Total;2022;2.382
Mujeres;Otros países de América;Total;2021;2.262
Mujeres;Otros países de América;Ocupado/a;2022;895
Mujeres;Otros países de América;Ocupado/a;2021;784
Mujeres;Otros países de América;Parado/a;2022;225
Mujeres;Otros países de América;Parado/a;2021;333
Mujeres;Otros países de América;Inactivo/a;2022;1.262
Mujeres;Otros países de América;Inactivo/a;2021;1.145
Mujeres;Otros países de Asia;Total;2022;6.132
Mujeres;Otros países de Asia;Total;2021;5.367
Mujeres;Otros países de Asia;Ocupado/a;2022;1.682
Mujeres;Otros países de Asia;Ocupado/a;2021;1.508
Mujeres;Otros países de Asia;Parado/a;2022;465
Mujeres;Otros países de Asia;Parado/a;2021;584
Mujeres;Otros países de Asia;Inactivo/a;2022;3.985
Mujeres;Otros países de Asia;Inactivo/a;2021;3.275
Mujeres;Otros países de Oceanía;Total;2022;756
Mujeres;Otros países de Oceanía;Total;2021;776
Mujeres;Otros países de Oceanía;Ocupado/a;2022;303
Mujeres;Otros países de Oceanía;Ocupado/a;2021;281
Mujeres;Otros países de Oceanía;Parado/a;2022;45
Mujeres;Otros países de Oceanía;Parado/a;2021;52
Mujeres;Otros países de Oceanía;Inactivo/a;2022;408
Mujeres;Otros países de Oceanía;Inactivo/a;2021;443
